date,time,weight[g],accX,accY,accZ,ActionId
10/14/2022,14:47,0.2,0,0,1,1
10/14/2022,14:47,0.1,0,0,1,1
10/14/2022,14:47,0.1,0,0,1,1
10/14/2022,14:47,0,-0.1,0,1,1
10/14/2022,14:47,0.1,0,0,1,1
10/14/2022,14:47,0.1,-0.1,0,1,1
10/14/2022,14:47,0.1,-0.1,0,1,1
10/14/2022,14:47,-0.1,0,0,1,1
10/14/2022,14:47,0.1,-0.1,0,1,1
10/14/2022,14:47,0.2,-0.1,0,1,1
10/14/2022,14:47,0.1,-0.1,0,1,1
10/14/2022,14:47,0.1,0,0,1,1
10/14/2022,14:47,0.1,0,0,1,1
10/14/2022,14:47,0.1,0,0,1,1
10/14/2022,14:47,0,-0.1,0,1,1
10/14/2022,14:47,0,0,0,1,1
10/14/2022,14:47,0.1,0,0,1,1
10/14/2022,14:47,0.1,-0.1,0,1,1
10/14/2022,14:47,0,-0.1,0,1,1
10/14/2022,14:47,0.1,-0.1,0,1,1
10/14/2022,14:47,0.1,0,0,1,1
10/14/2022,14:47,0.1,-0.1,0,1,1
10/14/2022,14:47,0.1,0,0,1,1
10/14/2022,14:47,0.1,0,0,1,1
10/14/2022,14:47,0,0,0,1,1
10/14/2022,14:47,0,-0.1,0,1,1
10/14/2022,14:47,0,-0.1,0,1,1
10/14/2022,14:47,0.2,0,0,1,1
10/14/2022,14:47,0.1,-0.1,0,1,1
10/14/2022,14:47,0.1,0,0,1,1
10/14/2022,14:47,0.1,0,0,1,1
10/14/2022,14:47,0,0,0,1,1
10/14/2022,14:47,0.1,-0.1,0,1,1
10/14/2022,14:47,0,0,0,1,1
10/14/2022,9:48,-0.2,-0.1,0,1,2
10/14/2022,9:48,0,-0.1,0,1,2
10/14/2022,9:48,-0.2,-0.1,0,1,2
10/14/2022,9:48,0,-0.1,0,1,2
10/14/2022,9:48,-0.1,0,0,1,2
10/14/2022,9:48,-0.1,-0.1,0,1,2
10/14/2022,9:48,-0.1,-0.1,0,1,2
10/14/2022,9:48,0,0,0,1,2
10/14/2022,9:48,0,0,0,1,2
10/14/2022,9:48,0,-0.1,0,1,2
10/14/2022,9:48,0,-0.2,-0.1,1,2
10/14/2022,9:48,-3.8,-0.3,-0.1,0.9,2
10/14/2022,9:48,-191.5,-0.2,0.1,1.3,2
10/14/2022,9:48,-297.2,-0.2,0,1.1,2
10/14/2022,9:48,-297.2,0,-0.1,1,2
10/14/2022,9:48,-297.3,-0.1,0,1,2
10/14/2022,9:48,-297.3,0,-0.1,1,2
10/14/2022,9:48,-297.2,0.1,0,1,2
10/14/2022,9:48,-297.3,0,0,1,2
10/14/2022,9:48,-297.2,-0.1,-0.1,1,2
10/14/2022,9:48,-297.4,0,-0.1,0.9,2
10/14/2022,9:48,-297.4,0,0,0.9,2
10/14/2022,9:48,-297.3,0,0,0.9,2
10/14/2022,9:48,-297.4,-0.2,-0.1,0.8,2
10/14/2022,9:48,-297.4,-0.1,-0.1,0.9,2
10/14/2022,9:48,-297.4,-0.1,-0.1,0.9,2
10/14/2022,9:48,-297.3,0,-0.1,0.9,2
10/14/2022,9:48,-297.3,0.1,-0.1,0.9,2
10/14/2022,9:48,-297.3,-0.1,-0.2,1,2
10/14/2022,9:48,-297.3,0.3,-0.1,0.9,2
10/14/2022,9:48,-297.4,0.3,-0.1,1,2
10/14/2022,9:48,-297.4,0.2,0,1,2
10/14/2022,9:48,-297.3,0.4,0.3,1.2,2
10/14/2022,9:48,-297.3,0.6,0.4,1.2,2
10/14/2022,9:48,-297.3,0.4,0.3,1.2,2
10/14/2022,9:48,-297.4,0.3,0.2,1.1,2
10/14/2022,9:48,-297.2,0.1,0,1.1,2
10/14/2022,9:48,-297.3,0,-0.6,0.8,2
10/14/2022,9:48,-297.3,0.1,-0.5,0.8,2
10/14/2022,9:48,-297.4,0.1,-0.2,1,2
10/14/2022,9:48,-297.3,0,-0.4,0.8,2
10/14/2022,9:48,-297.3,0.1,-0.5,0.7,2
10/14/2022,9:48,-297.4,0.1,-0.5,0.8,2
10/14/2022,9:48,-297.3,-0.2,-0.5,0.9,2
10/14/2022,9:48,-297.4,-0.1,-0.4,1,2
10/14/2022,9:48,-297.2,-0.1,-0.3,1,2
10/14/2022,9:48,-297.4,0,-0.2,0.9,2
10/14/2022,9:48,-297.3,0,-0.1,1,2
10/14/2022,9:48,-297.3,0,-0.1,1,2
10/14/2022,9:48,-297.3,0,-0.1,1,2
10/14/2022,9:48,-297.4,-0.1,-0.1,1,2
10/14/2022,9:48,-297.3,-0.1,-0.2,1,2
10/14/2022,9:48,-297.2,-0.1,-0.1,1.1,2
10/14/2022,9:48,-297.3,0,0,1,2
10/14/2022,9:48,-295.4,0,-0.1,1,2
10/14/2022,9:48,-217.9,-0.1,-0.2,0.9,2
10/14/2022,9:48,-148.9,-0.1,0,1,2
10/14/2022,9:48,-40.7,-0.1,0,1,2
10/14/2022,9:48,31.9,0,0,1,2
10/14/2022,9:48,1.1,0,0,1,2
10/14/2022,9:48,0.8,-0.1,0,1,2
10/14/2022,9:48,-1,0,0,1,2
10/14/2022,9:48,-0.5,-0.1,0,1,2
10/14/2022,9:48,-0.5,0,0,1,2
10/14/2022,9:48,-1.3,0,0,1,2
10/14/2022,9:48,-0.6,-0.1,0,1,2
10/14/2022,9:48,-0.6,0,0,1,2
10/14/2022,9:48,-1.2,0,0,1,2
10/14/2022,9:48,0.3,-0.1,0,1,2
10/14/2022,9:48,-1.3,0,0,1,2
10/14/2022,9:48,-0.5,0,0,1,2
10/14/2022,9:48,-1,-0.1,0,1,2
10/14/2022,11:33,-0.5,-0.1,0,1,3
10/14/2022,11:33,-0.6,0,0,1,3
10/14/2022,11:33,-0.7,-0.1,0,1,3
10/14/2022,11:33,-0.6,-0.1,0,1,3
10/14/2022,11:33,-0.6,-0.1,0,1,3
10/14/2022,11:33,-0.5,0,0,1,3
10/14/2022,11:33,-0.6,0,0,1,3
10/14/2022,11:33,-0.6,0,0,1,3
10/14/2022,11:33,-0.5,0,0,1,3
10/14/2022,11:33,5.5,-0.1,0,1,3
10/14/2022,11:33,-0.7,0,0,1,3
10/14/2022,11:33,-0.9,-0.1,0,1,3
10/14/2022,11:33,-0.7,0,0,1,3
10/14/2022,11:33,-0.8,-0.1,0,1,3
10/14/2022,11:33,-200.7,-0.1,0,1,3
10/14/2022,11:33,-164.8,-0.2,0,1.2,3
10/14/2022,11:33,-297,-0.2,0.1,1.1,3
10/14/2022,11:33,-297.1,0,-0.1,1,3
10/14/2022,11:33,-297.2,0.1,0.1,1,3
10/14/2022,11:33,-297.3,0,-0.1,0.9,3
10/14/2022,11:33,-297.4,0.2,-0.1,0.9,3
10/14/2022,11:33,-297.3,0.1,-0.1,1,3
10/14/2022,11:33,-297.4,0.2,-0.1,1,3
10/14/2022,11:33,-297.3,0.1,-0.2,0.9,3
10/14/2022,11:33,-297.3,0.1,-0.3,0.9,3
10/14/2022,11:33,-297.3,0.3,-0.1,1,3
10/14/2022,11:33,-297.2,0.2,-0.1,1,3
10/14/2022,11:33,-297.5,0.1,-0.2,0.9,3
10/14/2022,11:33,-297.4,0.1,-0.3,0.9,3
10/14/2022,11:33,-297.4,0,-0.1,1,3
10/14/2022,11:33,-297.3,-0.2,-0.1,1.1,3
10/14/2022,11:33,-297.3,0,0,1.1,3
10/14/2022,11:33,-297.4,0.3,0,0.9,3
10/14/2022,11:33,-297.3,0.2,0,1,3
10/14/2022,11:33,-297.3,0.1,-0.1,0.9,3
10/14/2022,11:33,-297.3,0,-0.1,1,3
10/14/2022,11:33,-297.4,-0.1,0,1,3
10/14/2022,11:33,-297.3,-0.1,0,1,3
10/14/2022,11:33,-297.2,-0.1,0,1,3
10/14/2022,11:33,-297.4,-0.1,-0.1,1,3
10/14/2022,11:33,-297.2,0.1,0,1,3
10/14/2022,11:33,-297.3,0,0,1.1,3
10/14/2022,11:33,-297.2,0,0,1,3
10/14/2022,11:33,-297.2,-0.1,-0.1,0.8,3
10/14/2022,11:33,-221.3,0,-0.1,1,3
10/14/2022,11:33,-115.9,-0.2,0,0.9,3
10/14/2022,11:33,1.8,0,0,1,3
10/14/2022,11:33,0.1,-0.1,0,1,3
10/14/2022,11:33,-1.3,0,0,1,3
10/14/2022,11:33,-1.1,0,0,1,3
10/14/2022,11:33,0.3,-0.1,0,1,3
10/14/2022,11:33,-0.2,0,0,1,3
10/14/2022,11:33,-1.9,0,0,1,3
10/14/2022,11:33,-0.4,-0.1,0,1,3
10/14/2022,11:33,-1.1,0,0,1,3
10/14/2022,23:50,-1.2,0,0,1,4
10/14/2022,23:50,-1.2,0,0,1,4
10/14/2022,23:50,-1.1,0,0,1,4
10/14/2022,23:50,-1.1,0,0,1,4
10/14/2022,23:50,-1.2,0,0,1,4
10/14/2022,23:50,-1.1,0,0,1,4
10/14/2022,23:50,0.5,-0.2,0,1,4
10/14/2022,23:50,0,-0.1,0,1,4
10/14/2022,23:50,-0.3,-0.2,0,0.9,4
10/14/2022,23:50,-163.3,-0.2,0.3,1,4
10/14/2022,23:50,-296.7,-0.1,0.4,0.9,4
10/14/2022,23:50,-297.2,0,0.3,0.9,4
10/14/2022,23:50,-297.3,-0.3,0.2,1,4
10/14/2022,23:50,-297.3,-0.5,0,0.9,4
10/14/2022,23:50,-297.3,-0.2,-0.2,0.8,4
10/14/2022,23:50,-297.4,0.6,0.1,1.1,4
10/14/2022,23:50,-297.3,0,-0.4,0.7,4
10/14/2022,23:50,-297.2,0.2,0.2,0.9,4
10/14/2022,23:50,-297.2,0.4,0.4,1.1,4
10/14/2022,23:50,-297.3,0.4,0,0.8,4
10/14/2022,23:50,-297.3,0.9,-0.3,0.7,4
10/14/2022,23:50,-297.2,0.6,-0.4,0.7,4
10/14/2022,23:50,-297.3,0.5,-0.5,0.7,4
10/14/2022,23:50,-297.3,0.5,-0.5,0.7,4
10/14/2022,23:50,-297.3,0.5,-0.5,0.7,4
10/14/2022,23:50,-297.3,0.6,-0.7,0.6,4
10/14/2022,23:50,-297.2,0.7,-0.7,0.6,4
10/14/2022,23:50,-297.4,-0.4,-0.7,0.5,4
10/14/2022,23:50,-297.3,-0.4,-0.7,0.7,4
10/14/2022,23:50,-297.3,0,-0.5,0.8,4
10/14/2022,23:50,-297.2,0.3,0,1,4
10/14/2022,23:50,-297.3,0.6,0.3,1.1,4
10/14/2022,23:50,-297.3,0.3,0.4,1.1,4
10/14/2022,23:50,-297.3,0.1,-0.2,0.8,4
10/14/2022,23:50,-297.4,-0.1,0.3,1.2,4
10/14/2022,23:50,-297.3,-0.4,-0.1,1,4
10/14/2022,23:50,-297.3,-0.3,-0.5,0.9,4
10/14/2022,23:50,-297.4,-0.1,-0.1,1.1,4
10/14/2022,23:50,-297.2,0.3,-0.1,1,4
10/14/2022,23:50,-297.3,0.5,-0.4,0.8,4
10/14/2022,23:50,-297.3,0.4,-0.4,0.8,4
10/14/2022,23:50,-297.3,0.2,-0.5,0.5,4
10/14/2022,23:50,-297.3,0.4,-0.3,0.5,4
10/14/2022,23:50,-297.4,0.2,0.4,0.9,4
10/14/2022,23:50,-297.3,0.3,0.5,0.9,4
10/14/2022,23:50,-297.4,0.1,0.6,1,4
10/14/2022,23:50,-297.4,-0.1,0.5,1.1,4
10/14/2022,23:50,-297.4,-0.4,0.3,1.1,4
10/14/2022,23:50,-297.3,-0.8,0.2,1,4
10/14/2022,23:50,-297.3,0,-0.2,0.8,4
10/14/2022,23:50,-297.3,0.3,0.1,1,4
10/14/2022,23:50,-297.3,0,-0.3,1,4
10/14/2022,23:50,-297.3,-0.1,-0.4,1.1,4
10/14/2022,23:50,-297.3,0.2,-0.3,0.9,4
10/14/2022,23:50,-297.3,0.3,-0.7,0.7,4
10/14/2022,23:50,-297.3,0.1,-0.7,0.6,4
10/14/2022,23:50,-297.3,-0.1,-0.8,0.6,4
10/14/2022,23:50,-297.3,-0.1,-0.7,0.7,4
10/14/2022,23:50,-297.2,-0.1,-0.7,0.7,4
10/14/2022,23:50,-297.3,0,-0.8,0.6,4
10/14/2022,23:50,-297.4,0.2,-0.6,0.7,4
10/14/2022,23:50,-297.3,-0.2,-0.3,0.9,4
10/14/2022,23:50,-297.3,0,0.2,1.2,4
10/14/2022,23:50,-297.3,-0.1,0,1.1,4
10/14/2022,23:50,-297.2,0.1,-0.1,0.8,4
10/14/2022,23:50,-297.3,0.1,-0.1,0.9,4
10/14/2022,23:50,-297.3,-0.3,-0.2,1.1,4
10/14/2022,23:50,-297.4,-0.2,-0.1,1,4
10/14/2022,23:50,-297.3,0,-0.1,0.9,4
10/14/2022,23:50,-297.2,-0.1,-0.1,1,4
10/14/2022,23:50,-297.2,0,-0.1,1,4
10/14/2022,23:50,-297.3,-0.1,-0.1,1,4
10/14/2022,23:50,-297.3,0,-0.1,0.8,4
10/14/2022,23:50,-296.8,0.1,0.3,0.9,4
10/14/2022,23:50,-107.1,0,0.1,1.1,4
10/14/2022,23:50,-5.3,-0.1,0,1,4
10/14/2022,23:50,-0.8,0,0,1,4
10/14/2022,23:50,-0.3,-0.1,0,1,4
10/14/2022,23:50,0.9,0,0,1,4
10/14/2022,23:50,-0.6,0,0,1,4
10/14/2022,23:50,0.6,-0.1,0,1,4
10/14/2022,23:50,0.9,0,0,1,4
10/14/2022,23:50,-0.3,0,0,1,4
10/14/2022,23:50,0.1,0,0,1,4
10/14/2022,23:50,-0.6,0,0,1,4
10/14/2022,6:14 PM,-0.4,0,0,1,5
10/14/2022,6:14 PM,-0.3,0,0,1,5
10/14/2022,6:14 PM,-0.5,0,0,1,5
10/14/2022,6:14 PM,-0.4,0,0,1,5
10/14/2022,6:14 PM,-0.5,0,0,1,5
10/14/2022,6:14 PM,-0.3,0,0,1,5
10/14/2022,6:14 PM,-0.3,0,0,1,5
10/14/2022,6:14 PM,-0.4,0,0,1,5
10/14/2022,6:14 PM,-0.4,0,0,1,5
10/14/2022,6:14 PM,-0.4,0,0,1,5
10/14/2022,6:14 PM,-0.4,0,0,1,5
10/14/2022,6:14 PM,-0.3,0,0,1,5
10/14/2022,6:14 PM,-0.4,0,0,1,5
10/14/2022,6:14 PM,-0.4,0,0,1,5
10/14/2022,6:14 PM,-0.4,0,0,1,5
10/14/2022,6:14 PM,-0.4,0,0,1,5
10/14/2022,6:14 PM,-0.4,0,0,1,5
10/14/2022,6:14 PM,-0.3,0,0,1,5
10/14/2022,6:14 PM,-0.5,0,0,1,5
10/14/2022,6:14 PM,-0.4,0,0,1,5
10/14/2022,6:14 PM,-0.4,0,0,1,5
10/14/2022,6:14 PM,-0.3,0,0,1,5
10/14/2022,6:14 PM,-0.4,0,0,1,5
10/14/2022,6:14 PM,-0.4,0,0,1,5
10/14/2022,6:14 PM,0.1,-0.2,0,1,5
10/14/2022,6:14 PM,-62,-0.2,0.1,1.5,5
10/14/2022,6:14 PM,-296.8,-0.5,-0.5,0.9,5
10/14/2022,6:14 PM,-297.1,0,0,0.9,5
10/14/2022,6:14 PM,-297.2,-0.1,-0.1,0.8,5
10/14/2022,6:14 PM,-297.3,-0.1,-0.1,0.9,5
10/14/2022,6:14 PM,-297.2,-0.1,-0.1,1.1,5
10/14/2022,6:14 PM,-297.3,-0.4,-0.2,1.1,5
10/14/2022,6:14 PM,-297.3,-0.1,-0.2,0.9,5
10/14/2022,6:14 PM,-297.3,0.1,-0.4,0.9,5
10/14/2022,6:14 PM,-297.3,0,-0.4,0.9,5
10/14/2022,6:14 PM,-297.2,0.1,-0.4,0.9,5
10/14/2022,6:14 PM,-297.3,0.2,-0.4,0.8,5
10/14/2022,6:14 PM,-297.3,0.1,-0.3,0.9,5
10/14/2022,6:14 PM,-297.3,0,-0.3,0.9,5
10/14/2022,6:14 PM,-297.4,0,-0.3,0.9,5
10/14/2022,6:14 PM,-297.2,0,-0.2,0.9,5
10/14/2022,6:14 PM,-297.3,0.1,-0.1,1,5
10/14/2022,6:14 PM,-297.3,0,0.1,1.2,5
10/14/2022,6:14 PM,-297.3,-0.1,0,1,5
10/14/2022,6:14 PM,-297.3,0,0.1,1,5
10/14/2022,6:14 PM,-297.3,0,0.2,1,5
10/14/2022,6:14 PM,-297.3,0.1,0.2,1,5
10/14/2022,6:14 PM,-297.3,0,0.1,1,5
10/14/2022,6:14 PM,-297.3,0,0.1,1,5
10/14/2022,6:14 PM,-297.4,0,0.1,1,5
10/14/2022,6:14 PM,-297.3,0.2,0.2,0.8,5
10/14/2022,6:14 PM,-297.2,0.3,0.6,0.9,5
10/14/2022,6:14 PM,-297.2,0.4,0.6,0.9,5
10/14/2022,6:14 PM,-297.4,0.3,0.4,0.8,5
10/14/2022,6:14 PM,-297.4,0.4,0.4,0.8,5
10/14/2022,6:14 PM,-297.3,0.5,0.3,0.8,5
10/14/2022,6:14 PM,-297.4,0.5,0.3,0.8,5
10/14/2022,6:14 PM,-297.3,0.6,0.3,0.9,5
10/14/2022,6:14 PM,-297.3,0.4,0,0.8,5
10/14/2022,6:14 PM,-297.3,0.3,-0.4,0.8,5
10/14/2022,6:14 PM,-297.5,0.1,-0.5,0.9,5
10/14/2022,6:14 PM,-297.2,0.3,-0.4,0.8,5
10/14/2022,6:14 PM,-297.3,0.4,-0.5,0.8,5
10/14/2022,6:14 PM,-297.3,0.3,-0.6,0.7,5
10/14/2022,6:14 PM,-297.2,0.3,-0.7,0.7,5
10/14/2022,6:14 PM,-297.4,0.3,-0.8,0.6,5
10/14/2022,6:14 PM,-297.3,0.4,-0.8,0.5,5
10/14/2022,6:14 PM,-297.3,0.3,-0.9,0.4,5
10/14/2022,6:14 PM,-297.4,0.3,-0.8,0.5,5
10/14/2022,6:14 PM,-297.3,0.4,-0.9,0.4,5
10/14/2022,6:14 PM,-297.4,0.5,-1,0.3,5
10/14/2022,6:14 PM,-297.4,0.3,-0.8,0.5,5
10/14/2022,6:14 PM,-297.3,0.1,-0.5,0.9,5
10/14/2022,6:14 PM,-297.3,0,-0.5,1,5
10/14/2022,6:14 PM,-297.4,0.2,-0.3,0.9,5
10/14/2022,6:14 PM,-297.4,0.1,-0.1,0.9,5
10/14/2022,6:14 PM,-297.4,0.1,0,0.9,5
10/14/2022,6:14 PM,-297.4,0,0,1,5
10/14/2022,6:14 PM,-297.4,-0.1,-0.1,1,5
10/14/2022,6:14 PM,-297.3,-0.1,-0.1,1.1,5
10/14/2022,6:14 PM,-297.3,-0.1,-0.1,1.1,5
10/14/2022,6:14 PM,-297.4,-0.1,0,1,5
10/14/2022,6:14 PM,-297.3,-0.1,0,1,5
10/14/2022,6:14 PM,-297.4,-0.1,0,1,5
10/14/2022,6:14 PM,-297.3,-0.1,0,0.9,5
10/14/2022,6:14 PM,-297.4,-0.1,-0.1,0.9,5
10/14/2022,6:14 PM,-297.2,0,0,1,5
10/14/2022,6:14 PM,-297.3,-0.1,-0.1,0.9,5
10/14/2022,6:14 PM,-297.3,-0.1,0,1,5
10/14/2022,6:14 PM,-297.4,-0.1,0,1,5
10/14/2022,6:14 PM,-297.4,-0.1,-0.1,1,5
10/14/2022,6:14 PM,-297.4,-0.1,0,1,5
10/14/2022,6:14 PM,-297.3,-0.1,0,1,5
10/14/2022,6:14 PM,-297.3,-0.1,0,1,5
10/14/2022,6:14 PM,-297.3,-0.2,-0.1,0.9,5
10/14/2022,6:14 PM,-297.3,-0.2,-0.1,0.7,5
10/14/2022,6:14 PM,-297.4,0.1,-0.1,0.7,5
10/14/2022,6:14 PM,-297.3,0,-0.1,0.8,5
10/14/2022,6:14 PM,-297.4,-0.1,0,1.1,5
10/14/2022,6:14 PM,-297.3,0,-0.1,1,5
10/14/2022,6:14 PM,-297.3,0,-0.2,1.1,5
10/14/2022,6:14 PM,-297.4,-0.1,-0.2,1.1,5
10/14/2022,6:14 PM,-297.4,-0.1,-0.2,1.1,5
10/14/2022,6:14 PM,-297.3,0,0,1.1,5
10/14/2022,6:14 PM,-297.3,0,-0.2,1,5
10/14/2022,6:14 PM,-297.4,-0.1,-0.2,1,5
10/14/2022,6:14 PM,-297.3,-0.1,-0.1,1,5
10/14/2022,6:14 PM,-297.3,0,-0.1,1,5
10/14/2022,6:14 PM,-297.2,-0.1,-0.1,0.9,5
10/14/2022,6:14 PM,-297.2,-0.1,0,1,5
10/14/2022,6:14 PM,-297.2,0,0.1,1,5
10/14/2022,6:14 PM,-137.5,-0.2,0,1,5
10/14/2022,6:14 PM,-10.7,-0.1,0.1,1,5
10/14/2022,6:14 PM,2.7,0,0,1,5
10/14/2022,6:14 PM,0.3,-0.1,0,1,5
10/14/2022,6:14 PM,-1,0,0,1,5
10/14/2022,6:14 PM,-0.8,-0.1,0,1,5
10/14/2022,6:14 PM,-0.4,0,0,1,5
10/14/2022,6:14 PM,-0.7,-0.1,0,1,5
10/14/2022,6:14 PM,-0.7,-0.1,0,1,5
10/14/2022,6:14 PM,-0.2,0,0,1,5
10/14/2022,6:14 PM,-0.6,0,0,1,5
10/14/2022,6:14 PM,-0.4,-0.1,0,1,5
10/14/2022,6:14 PM,-0.5,-0.1,0,1,5
10/14/2022,6:14 PM,-0.6,-0.1,0,1,5
10/14/2022,8:37 AM,-0.8,-0.1,0,1,6
10/14/2022,8:37 AM,-0.7,0,0,1,6
10/14/2022,8:37 AM,-0.6,-0.1,0,1,6
10/14/2022,8:37 AM,-0.5,0,0,1,6
10/14/2022,8:37 AM,-0.7,0,0,1,6
10/14/2022,8:37 AM,-0.8,0,0,1,6
10/14/2022,8:37 AM,-0.7,-0.1,0,1,6
10/14/2022,8:37 AM,-0.8,0,0,1,6
10/14/2022,8:37 AM,-0.6,0,0,1,6
10/14/2022,8:37 AM,-0.5,-0.1,0,1,6
10/14/2022,8:37 AM,-0.5,-0.1,0,1,6
10/14/2022,8:37 AM,-0.3,0,0,1,6
10/14/2022,8:37 AM,-0.2,-0.1,0,1,6
10/14/2022,8:37 AM,0.2,-0.1,0,1,6
10/14/2022,8:37 AM,0.2,0,0,1,6
10/14/2022,8:37 AM,0.4,0,0,1,6
10/14/2022,8:37 AM,0.3,-0.1,0,1,6
10/14/2022,8:37 AM,0.2,0,0,1,6
10/14/2022,8:37 AM,0,0,0,1,6
10/14/2022,8:37 AM,0,-0.1,0,1,6
10/14/2022,8:37 AM,0.1,-0.1,0,1,6
10/14/2022,8:37 AM,0.1,0,0,1,6
10/14/2022,8:37 AM,0,-0.1,0,1,6
10/14/2022,8:37 AM,0.1,-0.1,0,1,6
10/14/2022,8:37 AM,-0.1,0,0,1,6
10/14/2022,8:37 AM,-1.1,0,0,1,6
10/14/2022,8:37 AM,-1.4,0,0,1,6
10/14/2022,8:37 AM,-1.4,0,0,1,6
10/14/2022,8:37 AM,-1.4,-0.1,0,1,6
10/14/2022,8:37 AM,-1.4,0,0,1,6
10/14/2022,8:37 AM,-1.4,0,0,1,6
10/14/2022,8:37 AM,-1.4,0,0,1,6
10/14/2022,8:37 AM,-1.3,-0.1,0,1,6
10/14/2022,8:37 AM,-1.4,0,0,1,6
10/14/2022,8:37 AM,-1.4,-0.1,0,1,6
10/14/2022,8:37 AM,-1.2,-0.1,0,1,6
10/14/2022,8:37 AM,-1.2,-0.1,0,1,6
10/14/2022,8:37 AM,-1.2,-0.1,0,1,6
10/14/2022,8:37 AM,-1.2,0,0,1,6
10/14/2022,8:37 AM,-1.4,0,0,1,6
10/14/2022,8:37 AM,-1.2,0,0,1,6
10/14/2022,8:37 AM,-1,-0.1,0,1,6
10/14/2022,8:37 AM,-1.1,0,0,1,6
10/14/2022,8:37 AM,-1.2,-0.1,0,1,6
10/14/2022,8:37 AM,-1.2,0,0,1,6
10/14/2022,8:37 AM,-1.3,0,0,1,6
10/14/2022,8:37 AM,-1.3,0,0,1,6
10/14/2022,8:37 AM,-1.5,-0.1,0,1,6
10/14/2022,10:50,-1.7,0,0,1,7
10/14/2022,10:50,-1.7,0,0,1,7
10/14/2022,10:50,-1.7,-0.1,0,1,7
10/14/2022,10:50,-1.5,0,0,1,7
10/14/2022,10:50,-1.4,-0.1,0,1,7
10/14/2022,10:50,-1.4,0,0,1,7
10/14/2022,10:50,-1.5,-0.1,0,1,7
10/14/2022,10:50,1.1,0,0,1,7
10/14/2022,10:50,-1.5,-0.1,0,1,7
10/14/2022,10:50,-0.3,-0.1,-0.1,1,7
10/14/2022,10:50,-30.5,0.1,0,1,7
10/14/2022,10:50,-199.2,-0.3,0.2,1.3,7
10/14/2022,10:50,-297,0.1,-0.2,0.8,7
10/14/2022,10:50,-297.2,0,-0.1,0.8,7
10/14/2022,10:50,-297.2,0.1,-0.1,0.9,7
10/14/2022,10:50,-297.2,-0.1,-0.1,1.1,7
10/14/2022,10:50,-297.3,0,0,1,7
10/14/2022,10:50,-297.2,-0.1,0,1,7
10/14/2022,10:50,-297.3,-0.2,-0.1,1,7
10/14/2022,10:50,-297.1,-0.1,0,1.1,7
10/14/2022,10:50,-170.4,-0.1,-0.1,1,7
10/14/2022,10:50,-32.7,-0.1,0,1,7
10/14/2022,10:50,-5.1,0,0,1,7
10/14/2022,10:50,-4.8,-0.1,0,1,7
10/14/2022,10:50,81.3,-0.1,0,1,7
10/14/2022,10:50,-2.4,-0.1,0,1,7
10/14/2022,10:50,-2.2,-0.1,0,1,7
10/14/2022,10:50,-2.3,-0.1,0,1,7
10/14/2022,10:50,-2.1,-0.1,0,1,7
10/14/2022,10:50,-2.2,-0.1,0,1,7
10/14/2022,10:50,-1.9,-0.1,0,1,7
10/14/2022,10:50,-1.9,-0.1,0,1,7
10/14/2022,10:50,-1.8,-0.1,0,1,7
10/14/2022,10:50,-1.8,-0.1,0,1,7
10/14/2022,10:50,-1.9,-0.1,0,1,7
10/14/2022,10:50,-2,-0.1,0,1,7
10/14/2022,10:50,-2,-0.1,0,1,7
10/14/2022,10:50,-1.9,-0.1,0,1,7
10/14/2022,10:50,-2,-0.1,0,1,7
10/14/2022,10:50,-2,-0.1,0,1,7
10/14/2022,10:50,-2,-0.1,0,1,7
10/14/2022,10:50,-2.2,-0.1,0,1,7
10/14/2022,3:51 PM,-1.6,-0.1,0,1,8
10/14/2022,3:51 PM,-1.4,-0.1,0,1,8
10/14/2022,3:51 PM,-1.4,-0.1,0,1,8
10/14/2022,3:51 PM,-1.3,0,0,1,8
10/14/2022,3:51 PM,-1.6,-0.1,0,1,8
10/14/2022,3:51 PM,-1.8,-0.1,0,1,8
10/14/2022,3:51 PM,-1.4,-0.1,0,1,8
10/14/2022,3:51 PM,-1.4,-0.1,0,1,8
10/14/2022,3:51 PM,-1.3,-0.1,0,1,8
10/14/2022,3:51 PM,-1.5,-0.1,0,1,8
10/14/2022,3:51 PM,-1.4,-0.1,0,1,8
10/14/2022,3:51 PM,-1.4,-0.1,0,1,8
10/14/2022,3:51 PM,-1.4,-0.1,0,1,8
10/14/2022,3:51 PM,-1.3,-0.1,0,1,8
10/14/2022,3:51 PM,-1.4,-0.1,0,1,8
10/14/2022,3:51 PM,-1.5,-0.1,0,1,8
10/14/2022,3:51 PM,-1.4,-0.1,0,1,8
10/14/2022,3:51 PM,-1.5,-0.1,0,1,8
10/14/2022,3:51 PM,-1.3,-0.1,0,1,8
10/14/2022,3:51 PM,-1.4,-0.1,0,1,8
10/14/2022,3:51 PM,-1.4,0,0,1,8
10/14/2022,3:51 PM,-1.5,-0.1,0,1,8
10/14/2022,3:51 PM,-1.4,-0.1,0,1,8
10/14/2022,3:51 PM,-1.4,-0.1,0,1,8
10/14/2022,3:51 PM,1,0,0,1,8
10/14/2022,3:51 PM,1.7,-0.1,0,1,8
10/14/2022,3:51 PM,3.9,-0.1,0,1,8
10/14/2022,3:51 PM,7.4,-0.1,0,1,8
10/14/2022,3:51 PM,5.9,-0.1,0,1,8
10/14/2022,3:51 PM,8.2,-0.1,0,1,8
10/14/2022,3:51 PM,14.1,-0.1,0,1,8
10/14/2022,3:51 PM,11.1,-0.1,0,1,8
10/14/2022,3:51 PM,20.5,-0.1,0,1,8
10/14/2022,3:51 PM,14.1,0,0,1,8
10/14/2022,3:51 PM,25.2,-0.1,0,1,8
10/14/2022,3:51 PM,19,-0.1,0,1,8
10/14/2022,3:51 PM,31.1,0,0,1,8
10/14/2022,3:51 PM,23.9,0,0,1,8
10/14/2022,3:51 PM,36.5,-0.1,0,1,8
10/14/2022,3:51 PM,29.4,-0.1,0,1,8
10/14/2022,3:51 PM,40.7,0,0,1,8
10/14/2022,3:51 PM,36,0,0,1,8
10/14/2022,3:51 PM,44,0,0,1,8
10/14/2022,3:51 PM,42.5,-0.1,0,1,8
10/14/2022,3:51 PM,48.7,-0.1,0,1,8
10/14/2022,3:51 PM,54,0,0,1,8
10/14/2022,3:51 PM,52.4,0,0,1,8
10/14/2022,3:51 PM,61.1,0,0,1,8
10/14/2022,3:51 PM,65.2,-0.1,0,1,8
10/14/2022,3:51 PM,66.6,-0.1,0,1,8
10/14/2022,3:51 PM,71.5,-0.1,0,1,8
10/14/2022,3:51 PM,76.6,-0.1,0,1,8
10/14/2022,3:51 PM,80.3,-0.1,0,1,8
10/14/2022,3:51 PM,82.8,-0.1,0,1,8
10/14/2022,3:51 PM,88.7,0,0,1,8
10/14/2022,3:51 PM,91.4,-0.1,0,1,8
10/14/2022,3:51 PM,94.2,-0.1,0,1,8
10/14/2022,3:51 PM,97.8,0,0,1,8
10/14/2022,3:51 PM,100.7,-0.1,0,1,8
10/14/2022,3:51 PM,103.3,-0.1,0,1,8
10/14/2022,3:51 PM,106,0,0,1,8
10/14/2022,3:51 PM,109,-0.1,0,1,8
10/14/2022,3:51 PM,110.8,0,0,1,8
10/14/2022,3:51 PM,112.9,-0.1,0,1,8
10/14/2022,3:51 PM,115.5,-0.1,0,1,8
10/14/2022,3:51 PM,118.7,-0.1,0,1,8
10/14/2022,3:51 PM,120.8,0,0,1,8
10/14/2022,3:51 PM,123.2,-0.1,0,1,8
10/14/2022,3:51 PM,126.3,-0.1,0,1,8
10/14/2022,3:51 PM,129.7,-0.1,0,1,8
10/14/2022,3:51 PM,132.7,-0.1,0,1,8
10/14/2022,3:51 PM,135.3,-0.1,0,1,8
10/14/2022,3:51 PM,159.9,-0.1,0,1,8
10/14/2022,3:51 PM,140.5,-0.1,0,1,8
10/14/2022,3:51 PM,142.1,-0.1,0,1,8
10/14/2022,3:51 PM,144.2,-0.1,0,1,8
10/14/2022,3:51 PM,145.6,-0.1,0,1.1,8
10/14/2022,3:51 PM,146.8,-0.1,0,0.9,8
10/14/2022,3:51 PM,146.1,-0.1,0,1,8
10/14/2022,3:51 PM,146,0,0,1,8
10/14/2022,3:51 PM,201.1,-0.1,0,1,8
10/14/2022,3:51 PM,146.1,-0.1,0,1,8
10/14/2022,3:51 PM,145.9,-0.1,0,1,8
10/14/2022,3:51 PM,146,-0.1,0,1,8
10/14/2022,3:51 PM,146,-0.1,0,1,8
10/14/2022,3:51 PM,146,-0.1,0,1,8
10/14/2022,3:51 PM,146,-0.1,0,1,8
10/14/2022,3:51 PM,145.9,-0.1,0,1,8
10/14/2022,3:51 PM,146,0,0,1,8
10/14/2022,3:51 PM,146,-0.1,0,1,8
10/14/2022,3:51 PM,145.9,-0.1,0,1,8
10/14/2022,3:51 PM,145.9,-0.1,0,1,8
10/14/2022,3:51 PM,145.8,-0.1,0,1,8
10/14/2022,3:51 PM,145.9,0,0,1.1,8
10/14/2022,3:51 PM,153.1,-0.1,0,1,8
10/14/2022,3:51 PM,144.4,-0.1,0,1,8
10/14/2022,3:51 PM,146.2,-0.1,0,1,8
10/14/2022,3:51 PM,147.1,0,0,1,8
10/14/2022,3:51 PM,146.1,0,0,1,8
10/14/2022,3:51 PM,146.3,-0.1,0,1,8
10/14/2022,3:51 PM,146.1,-0.1,0,1,8
10/14/2022,3:51 PM,146.2,-0.1,0,1,8
10/14/2022,3:51 PM,146.1,-0.1,0,1,8
10/14/2022,3:51 PM,146.3,-0.1,0,1,8
10/14/2022,3:51 PM,146.1,-0.1,0,1,8
10/14/2022,3:51 PM,146.2,-0.1,0,1,8
10/14/2022,3:51 PM,146.1,-0.1,0,1,8
10/14/2022,3:51 PM,146.1,-0.1,0,1,8
10/14/2022,3:51 PM,146.1,-0.1,0,1,8
10/14/2022,3:51 PM,146.1,-0.1,0,1,8
10/14/2022,3:51 PM,146.1,-0.1,0,1,8
10/14/2022,3:51 PM,146.1,-0.1,0,1,8
10/14/2022,3:51 PM,146.2,-0.1,0,1,8
10/14/2022,3:51 PM,146.1,-0.1,0,1,8
10/14/2022,3:51 PM,146.2,0,0,1,8
10/14/2022,3:51 PM,146.1,-0.1,0,1,8
10/14/2022,3:51 PM,146.2,-0.1,0,1,8
10/14/2022,3:51 PM,146.1,-0.1,0,1,8
10/14/2022,3:51 PM,146.1,-0.1,0,1,8
10/14/2022,3:51 PM,146.1,-0.1,0,1,8
10/14/2022,7:07 PM,146.1,-0.1,0,1,9
10/14/2022,7:07 PM,146,-0.1,0,1,9
10/14/2022,7:07 PM,146.2,-0.1,0,1,9
10/14/2022,7:07 PM,145.8,-0.1,0,1,9
10/14/2022,7:07 PM,146.3,-0.1,0,1,9
10/14/2022,7:07 PM,146.1,0,0,1,9
10/14/2022,7:07 PM,145.9,-0.1,0,1,9
10/14/2022,7:07 PM,146,-0.1,0,1,9
10/14/2022,7:07 PM,146.2,-0.1,0,1,9
10/14/2022,7:07 PM,146.1,-0.1,0,1,9
10/14/2022,7:07 PM,146.1,-0.1,0,1,9
10/14/2022,7:07 PM,146,-0.1,0,1,9
10/14/2022,7:07 PM,146.1,-0.1,0,1,9
10/14/2022,7:07 PM,146,-0.1,0,1,9
10/14/2022,7:07 PM,146.1,-0.1,0,1,9
10/14/2022,7:07 PM,146.1,-0.1,0,1,9
10/14/2022,7:07 PM,146.1,-0.1,0,1,9
10/14/2022,7:07 PM,146.1,-0.1,0,1,9
10/14/2022,7:07 PM,146.1,-0.1,0,1,9
10/14/2022,7:07 PM,146.1,-0.1,0,1,9
10/14/2022,7:07 PM,146,-0.1,0,1,9
10/14/2022,7:07 PM,146.1,0,0,1,9
10/14/2022,7:07 PM,146,-0.1,0,1,9
10/14/2022,7:07 PM,146,-0.1,0,1,9
10/14/2022,7:07 PM,146,-0.1,0,1,9
10/14/2022,7:07 PM,146,-0.1,0,1,9
10/14/2022,7:07 PM,146,-0.1,0,1,9
10/14/2022,7:07 PM,146,-0.1,0,1,9
10/14/2022,7:07 PM,146.1,-0.1,0,1,9
10/14/2022,7:07 PM,146.1,-0.1,0,1,9
10/14/2022,7:07 PM,146,-0.1,0,1,9
10/14/2022,7:07 PM,146.1,-0.1,0,1,9
10/14/2022,7:07 PM,146.1,-0.1,0,1,9
10/14/2022,7:07 PM,146.2,-0.1,0,1,9
10/14/2022,7:07 PM,146.1,-0.1,0,1,9
10/14/2022,7:07 PM,146.1,-0.1,0,1,9
10/14/2022,7:07 PM,146.2,-0.1,0,1,9
10/14/2022,7:07 PM,146,-0.1,0,1,9
10/14/2022,7:07 PM,146.1,-0.1,0,1,9
10/14/2022,7:07 PM,146.1,-0.1,0,1,9
10/14/2022,7:07 PM,148,-0.1,0,1,9
10/14/2022,7:07 PM,151.4,-0.1,0,1,9
10/14/2022,7:07 PM,153.1,-0.1,0,1,9
10/14/2022,7:07 PM,156.2,-0.1,0,1,9
10/14/2022,7:07 PM,158.3,-0.1,0,1,9
10/14/2022,7:07 PM,159.6,-0.1,0,1,9
10/14/2022,7:07 PM,160.3,0,0,1,9
10/14/2022,7:07 PM,159.5,-0.1,0,1,9
10/14/2022,7:07 PM,161.4,-0.1,0,1,9
10/14/2022,7:07 PM,164.2,-0.1,0,1,9
10/14/2022,7:07 PM,167.1,-0.1,0,1,9
10/14/2022,7:07 PM,168,-0.1,0,1,9
10/14/2022,7:07 PM,169.5,-0.1,0,1,9
10/14/2022,7:07 PM,170.6,-0.1,0,1,9
10/14/2022,7:07 PM,172.4,-0.1,0,1,9
10/14/2022,7:07 PM,175.1,-0.1,0,1,9
10/14/2022,7:07 PM,177.5,-0.1,0,1,9
10/14/2022,7:07 PM,179.1,-0.1,0,1,9
10/14/2022,7:07 PM,181.2,-0.1,0,1,9
10/14/2022,7:07 PM,182.9,-0.1,0,1,9
10/14/2022,7:07 PM,185.1,-0.1,0,1,9
10/14/2022,7:07 PM,188.2,-0.1,0,1,9
10/14/2022,7:07 PM,191.4,-0.1,0,1,9
10/14/2022,7:07 PM,194.2,-0.1,0,1,9
10/14/2022,7:07 PM,196.6,-0.1,0,1,9
10/14/2022,7:07 PM,199.2,-0.1,0,1,9
10/14/2022,7:07 PM,201.3,-0.1,0,1,9
10/14/2022,7:07 PM,204.2,-0.1,0,1,9
10/14/2022,7:07 PM,206.4,-0.1,0,1,9
10/14/2022,7:07 PM,208.4,-0.1,0,1,9
10/14/2022,7:07 PM,211.2,-0.1,0,1,9
10/14/2022,7:07 PM,213.6,-0.1,0,1,9
10/14/2022,7:07 PM,215.9,-0.1,0,1,9
10/14/2022,7:07 PM,218.1,-0.1,0,1,9
10/14/2022,7:07 PM,220.8,-0.1,0,1,9
10/14/2022,7:07 PM,223.2,-0.1,0,1,9
10/14/2022,7:07 PM,224.5,-0.1,0,1,9
10/14/2022,7:07 PM,224.4,-0.1,0,1,9
10/14/2022,7:07 PM,223.8,-0.1,0,1,9
10/14/2022,7:07 PM,223.7,-0.1,0,1,9
10/14/2022,7:07 PM,223.7,-0.1,0,1,9
10/14/2022,7:07 PM,223.6,-0.1,0,1,9
10/14/2022,7:07 PM,223.7,-0.1,0,1,9
10/14/2022,7:07 PM,223.7,-0.1,0,1,9
10/14/2022,7:07 PM,223.7,-0.1,0,1,9
10/14/2022,7:07 PM,223.7,-0.1,0,1,9
10/14/2022,7:07 PM,223.6,-0.1,0,1,9
10/14/2022,7:07 PM,223.6,-0.1,0,1,9
10/14/2022,7:07 PM,223.6,-0.1,0,1,9
10/14/2022,7:07 PM,223.6,-0.1,0,1,9
10/14/2022,7:07 PM,223.6,-0.1,0,1,9
10/14/2022,7:07 PM,223.8,-0.1,0,1,9
10/14/2022,7:07 PM,223.7,-0.1,0,1,9
10/14/2022,7:07 PM,223.6,-0.1,0,1,9
10/14/2022,7:07 PM,227.7,-0.1,0,1,9
10/14/2022,7:07 PM,224.4,-0.1,0,1,9
10/14/2022,7:07 PM,223.6,-0.1,0,1,9
10/14/2022,7:07 PM,223.7,-0.1,0,1,9
10/14/2022,7:07 PM,223.9,-0.1,0,1,9
10/14/2022,7:07 PM,223.8,-0.1,0,1,9
10/14/2022,7:07 PM,223.5,-0.1,0,1,9
10/14/2022,7:07 PM,223.6,-0.1,0,1,9
10/14/2022,7:07 PM,223.3,-0.1,0,1,9
10/14/2022,7:07 PM,223.5,-0.1,0,1,9
10/14/2022,7:07 PM,223.5,-0.1,0,1,9
10/14/2022,7:07 PM,223.6,-0.1,0,1,9
10/14/2022,7:07 PM,223.7,-0.1,0,1,9
10/14/2022,7:07 PM,223.6,-0.1,0,1,9
10/14/2022,7:07 PM,223.7,-0.1,0,1,9
10/14/2022,7:07 PM,223.6,-0.1,0,1,9
10/14/2022,7:07 PM,223.7,-0.1,0,1,9
10/14/2022,7:07 PM,223.5,-0.1,0,1,9
10/14/2022,7:07 PM,223.7,-0.1,0,1,9
10/14/2022,7:07 PM,223.5,-0.1,0,1,9
10/14/2022,9:02 PM,222.1,-0.1,0,1,10
10/14/2022,9:02 PM,222.7,-0.1,0,1,10
10/14/2022,9:02 PM,222.7,-0.1,0,1,10
10/14/2022,9:02 PM,222.3,-0.1,0,1,10
10/14/2022,9:02 PM,222,-0.1,0,1,10
10/14/2022,9:02 PM,222.2,-0.1,0,1,10
10/14/2022,9:02 PM,222.2,-0.1,0,1,10
10/14/2022,9:02 PM,222.1,-0.1,0,1,10
10/14/2022,9:02 PM,222.2,-0.1,0,1,10
10/14/2022,9:02 PM,222.1,-0.1,0,1,10
10/14/2022,9:02 PM,222.2,-0.1,0,1,10
10/14/2022,9:02 PM,222.2,-0.1,0,1,10
10/14/2022,9:02 PM,222.2,-0.1,0,1,10
10/14/2022,9:02 PM,222.2,-0.1,0,1,10
10/14/2022,9:02 PM,222.2,-0.1,0,1,10
10/14/2022,9:02 PM,222.2,-0.1,0,1,10
10/14/2022,9:02 PM,222.1,-0.1,0,1,10
10/14/2022,9:02 PM,222.2,-0.1,0,1,10
10/14/2022,9:02 PM,222.3,-0.1,0,1,10
10/14/2022,9:02 PM,222.2,-0.1,0,1,10
10/14/2022,9:02 PM,222.2,-0.1,0,1,10
10/14/2022,9:02 PM,222.1,-0.1,0,1,10
10/14/2022,9:02 PM,222.2,-0.1,0,1,10
10/14/2022,9:02 PM,222.3,-0.1,0,1,10
10/14/2022,9:02 PM,222.1,-0.1,0,1,10
10/14/2022,9:02 PM,222.1,-0.1,0,1,10
10/14/2022,9:02 PM,222.2,-0.1,0,1,10
10/14/2022,9:02 PM,222.1,-0.1,0,1,10
10/14/2022,9:02 PM,222.1,-0.1,0,1,10
10/14/2022,9:02 PM,222.3,-0.1,0,1,10
10/14/2022,9:02 PM,229.2,0,0,1,10
10/14/2022,9:02 PM,237.5,-0.1,0,1,10
10/14/2022,9:02 PM,240.8,-0.1,0,1,10
10/14/2022,9:02 PM,243.8,-0.1,0,1,10
10/14/2022,9:02 PM,249,-0.1,0,1,10
10/14/2022,9:02 PM,253.7,-0.1,0,1,10
10/14/2022,9:02 PM,257.8,-0.1,0,1,10
10/14/2022,9:02 PM,261.1,-0.1,0,1,10
10/14/2022,9:02 PM,263.5,-0.1,0,1,10
10/14/2022,9:02 PM,266,-0.1,0,1,10
10/14/2022,9:02 PM,269.5,-0.1,0,1,10
10/14/2022,9:02 PM,273,-0.1,0,1,10
10/14/2022,9:02 PM,277,-0.1,0,1,10
10/14/2022,9:02 PM,281.6,-0.1,0,1,10
10/14/2022,9:02 PM,286.2,-0.1,0,1,10
10/14/2022,9:02 PM,290.4,-0.1,0,1,10
10/14/2022,9:02 PM,292.8,0,0,1,10
10/14/2022,9:02 PM,294.6,-0.1,0,1,10
10/14/2022,9:02 PM,293.4,-0.1,0,1,10
10/14/2022,9:02 PM,292.9,-0.1,0,1,10
10/14/2022,9:02 PM,292.8,-0.1,0,1,10
10/14/2022,9:02 PM,292.9,-0.1,0,1,10
10/14/2022,9:02 PM,292.9,-0.1,0,1,10
10/14/2022,9:02 PM,293,-0.1,0,1,10
10/14/2022,9:02 PM,293,-0.1,0,1,10
10/14/2022,9:02 PM,292.9,-0.1,0,1,10
10/14/2022,9:02 PM,292.9,-0.1,0,1,10
10/14/2022,9:02 PM,292.9,-0.1,0,1,10
10/14/2022,9:02 PM,292.8,-0.1,0,1,10
10/14/2022,9:02 PM,293,-0.1,0,1,10
10/14/2022,9:02 PM,292.9,-0.1,0,1,10
10/14/2022,9:02 PM,292.9,-0.1,0,1,10
10/14/2022,9:02 PM,292.9,-0.1,0,1,10
10/14/2022,9:02 PM,292.9,-0.1,0,1,10
10/14/2022,9:02 PM,292.4,-0.1,0,1,10
10/14/2022,9:02 PM,296.1,0,0,1,10
10/14/2022,9:02 PM,294,-0.1,0,1,10
10/14/2022,9:02 PM,290.8,0,0,1,10
10/14/2022,9:02 PM,292.2,-0.1,0,1,10
10/14/2022,9:02 PM,292.8,-0.1,0,1,10
10/14/2022,9:02 PM,293.4,-0.1,0,1,10
10/14/2022,9:02 PM,293.1,-0.1,0,1,10
10/14/2022,9:02 PM,292.6,-0.1,0,1,10
10/14/2022,9:02 PM,293.2,-0.1,0,1,10
10/14/2022,9:02 PM,293,-0.1,0,1,10
10/14/2022,9:02 PM,293,-0.1,0,1,10
10/14/2022,9:02 PM,293,-0.1,0,1,10
10/14/2022,9:02 PM,293,-0.1,0,1,10
10/14/2022,9:02 PM,292.8,-0.1,0,1,10
10/14/2022,9:02 PM,292.9,-0.1,0,1,10
10/14/2022,9:02 PM,292.8,-0.1,0,1,10
10/14/2022,9:02 PM,293,-0.1,0,1,10
10/14/2022,9:02 PM,292.8,-0.1,0,1,10
10/14/2022,9:02 PM,292.9,-0.1,0,1,10
10/14/2022,9:02 PM,292.9,-0.1,0,1,10
10/14/2022,8:38 PM,292.9,-0.1,0,1,11
10/14/2022,8:38 PM,292.7,-0.1,0,1,11
10/14/2022,8:38 PM,292.8,-0.1,0,1,11
10/14/2022,8:38 PM,292.7,0,0,1,11
10/14/2022,8:38 PM,304.9,-0.1,0,1,11
10/14/2022,8:38 PM,292.3,0,0,1,11
10/14/2022,8:38 PM,292.9,0,0,1,11
10/14/2022,8:38 PM,292.9,-0.1,0,1,11
10/14/2022,8:38 PM,293.3,-0.1,0,1,11
10/14/2022,8:38 PM,291.2,0,0,1,11
10/14/2022,8:38 PM,285.9,-0.1,-0.1,1,11
10/14/2022,8:38 PM,232.2,-0.1,0,1,11
10/14/2022,8:38 PM,135.3,-0.1,0,1,11
10/14/2022,8:38 PM,141,-0.1,-0.1,1,11
10/14/2022,8:38 PM,-3.9,0,0,1.1,11
10/14/2022,8:38 PM,-286.5,-0.1,0,1.1,11
10/14/2022,8:38 PM,-296.9,-0.1,-0.1,1,11
10/14/2022,8:38 PM,-297,0,-0.1,1,11
10/14/2022,8:38 PM,-297.1,0.1,-0.1,1,11
10/14/2022,8:38 PM,-297.2,0.2,0,1,11
10/14/2022,8:38 PM,-297.1,0.1,-0.1,1,11
10/14/2022,8:38 PM,-297.3,0.2,-0.2,1,11
10/14/2022,8:38 PM,-297.3,0.3,-0.2,1,11
10/14/2022,8:38 PM,-297.3,0.3,-0.2,0.9,11
10/14/2022,8:38 PM,-297.3,0.4,-0.3,0.8,11
10/14/2022,8:38 PM,-297.2,0.5,-0.2,0.8,11
10/14/2022,8:38 PM,-297.3,0.7,-0.2,0.8,11
10/14/2022,8:38 PM,-297.3,0.7,-0.2,0.7,11
10/14/2022,8:38 PM,-297.3,0.7,-0.3,0.7,11
10/14/2022,8:38 PM,-297.3,0.7,-0.3,0.6,11
10/14/2022,8:38 PM,-297.3,0.8,-0.3,0.6,11
10/14/2022,8:38 PM,-297.4,0.7,-0.3,0.6,11
10/14/2022,8:38 PM,-297.4,0.8,-0.3,0.5,11
10/14/2022,8:38 PM,-297.3,0.8,-0.3,0.5,11
10/14/2022,8:38 PM,-297.3,0.8,-0.3,0.5,11
10/14/2022,8:38 PM,-297.3,0.8,-0.3,0.5,11
10/14/2022,8:38 PM,-297.3,0.8,-0.3,0.5,11
10/14/2022,8:38 PM,-297.3,0.8,-0.3,0.5,11
10/14/2022,8:38 PM,-297.3,0.8,-0.3,0.5,11
10/14/2022,8:38 PM,-297.3,0.8,-0.3,0.5,11
10/14/2022,8:38 PM,-297.3,0.7,-0.2,0.7,11
10/14/2022,8:38 PM,-297.4,0.7,-0.2,0.7,11
10/14/2022,8:38 PM,-297.3,0.6,-0.2,0.8,11
10/14/2022,8:38 PM,-297.3,0.5,-0.2,0.8,11
10/14/2022,8:38 PM,-297.3,0.5,-0.1,0.8,11
10/14/2022,8:38 PM,-297.3,0.5,-0.2,0.9,11
10/14/2022,8:38 PM,-297.2,0.2,-0.2,0.9,11
10/14/2022,8:38 PM,-297.3,0.2,-0.2,0.9,11
10/14/2022,8:38 PM,-297.3,0.2,-0.2,0.9,11
10/14/2022,8:38 PM,-297.2,0.1,-0.1,1,11
10/14/2022,8:38 PM,-297.3,0.1,-0.1,1,11
10/14/2022,8:38 PM,-297.3,0,-0.1,1,11
10/14/2022,8:38 PM,-297.3,0.1,0,1,11
10/14/2022,8:38 PM,-297.2,0,0,1,11
10/14/2022,8:38 PM,-297.3,0,0,1,11
10/14/2022,8:38 PM,-297.2,-0.1,0,1,11
10/14/2022,8:38 PM,-297.2,0,0,1,11
10/14/2022,8:38 PM,-295.1,-0.1,0,1,11
10/14/2022,8:38 PM,-242.6,-0.2,-0.1,0.9,11
10/14/2022,8:38 PM,-73,0,0,1,11
10/14/2022,8:38 PM,99.1,-0.1,0,1,11
10/14/2022,8:38 PM,217.8,0,0,1,11
10/14/2022,8:38 PM,240.5,0,0,1,11
10/14/2022,8:38 PM,222.8,0,0,1,11
10/14/2022,8:38 PM,225.1,-0.1,0,1,11
10/14/2022,8:38 PM,227.2,-0.1,0,1,11
10/14/2022,8:38 PM,224.8,0,0,1,11
10/14/2022,8:38 PM,223.5,0,0,1,11
10/14/2022,8:38 PM,227.1,-0.1,0,1,11
10/14/2022,8:38 PM,226.2,0,0,1,11
10/14/2022,8:38 PM,223.5,-0.1,0,1,11
10/14/2022,8:38 PM,224.7,0,0,1,11
10/14/2022,8:38 PM,224.9,-0.1,0,1,11
10/14/2022,8:38 PM,224.2,0,0,1,11
10/14/2022,8:38 PM,224.9,0,0,1,11
10/14/2022,8:38 PM,224.4,-0.1,0,1,11
10/14/2022,8:38 PM,224.8,0,0,1,11
10/14/2022,8:38 PM,224.4,0,0,1,11
10/14/2022,8:38 PM,224.8,-0.1,0,1,11
10/14/2022,8:38 PM,224.7,0,0,1,11
10/14/2022,8:38 PM,224.3,0,0,1,11
10/14/2022,8:38 PM,224.4,-0.1,0,1,11
10/14/2022,8:38 PM,224.4,0,0,1,11
10/14/2022,4:20 PM,224.5,0,0,1,12
10/14/2022,4:20 PM,224.6,0,0,1,12
10/14/2022,4:20 PM,224.4,0,0,1,12
10/14/2022,4:20 PM,224.6,0,0,1,12
10/14/2022,4:20 PM,224.7,-0.1,0,1,12
10/14/2022,4:20 PM,224.7,0,0,1,12
10/14/2022,4:20 PM,224.6,0,0,1,12
10/14/2022,4:20 PM,224.4,0,0,1,12
10/14/2022,4:20 PM,224.4,0,0,1,12
10/14/2022,4:20 PM,224.6,0,0,1,12
10/14/2022,4:20 PM,224.6,0,0,1,12
10/14/2022,4:20 PM,224.5,0,0,1,12
10/14/2022,4:20 PM,224.5,0,0,1,12
10/14/2022,4:20 PM,224.7,0,0,1,12
10/14/2022,4:20 PM,224.6,0,0,1,12
10/14/2022,4:20 PM,224.6,0,0,1,12
10/14/2022,4:20 PM,224.6,0,0,1,12
10/14/2022,4:20 PM,224.7,0,0,1,12
10/14/2022,4:20 PM,228.6,-0.1,0,1,12
10/14/2022,4:20 PM,228.2,0,0,1,12
10/14/2022,4:20 PM,223.8,-0.1,0,1,12
10/14/2022,4:20 PM,227.8,-0.1,0,1,12
10/14/2022,4:20 PM,230.5,-0.1,0,1,12
10/14/2022,4:20 PM,237.9,0,0,1,12
10/14/2022,4:20 PM,224.9,0,0,1,12
10/14/2022,4:20 PM,170.3,0,0,1,12
10/14/2022,4:20 PM,-29.3,-0.1,0.1,1.1,12
10/14/2022,4:20 PM,-287.1,-0.3,0,1.1,12
10/14/2022,4:20 PM,-297,-0.1,-0.1,1.1,12
10/14/2022,4:20 PM,-297.1,-0.1,0,1,12
10/14/2022,4:20 PM,-297.1,-0.1,-0.1,0.9,12
10/14/2022,4:20 PM,-297.2,0,0,0.9,12
10/14/2022,4:20 PM,-297.2,0,-0.1,0.9,12
10/14/2022,4:20 PM,-297.3,0,-0.1,0.9,12
10/14/2022,4:20 PM,-297.3,0,-0.1,1,12
10/14/2022,4:20 PM,-297.3,0.1,-0.1,0.9,12
10/14/2022,4:20 PM,-297.3,0.1,0,1,12
10/14/2022,4:20 PM,-297.3,0.3,0,1.1,12
10/14/2022,4:20 PM,-297.3,0.4,-0.1,0.9,12
10/14/2022,4:20 PM,-297.3,0.7,0,0.9,12
10/14/2022,4:20 PM,-297.3,0.6,-0.1,0.9,12
10/14/2022,4:20 PM,-297.2,0.6,-0.1,0.8,12
10/14/2022,4:20 PM,-297.2,0.7,-0.2,0.7,12
10/14/2022,4:20 PM,-297.3,0.8,-0.1,0.6,12
10/14/2022,4:20 PM,-297.2,0.8,-0.2,0.5,12
10/14/2022,4:20 PM,-297.3,0.9,-0.2,0.4,12
10/14/2022,4:20 PM,-297.3,0.9,-0.2,0.4,12
10/14/2022,4:20 PM,-297.3,0.9,-0.2,0.4,12
10/14/2022,4:20 PM,-297.2,0.9,-0.2,0.4,12
10/14/2022,4:20 PM,-297.3,0.9,-0.2,0.3,12
10/14/2022,4:20 PM,-297.3,0.9,-0.2,0.4,12
10/14/2022,4:20 PM,-297.3,0.8,-0.2,0.5,12
10/14/2022,4:20 PM,-297.3,0.8,-0.2,0.6,12
10/14/2022,4:20 PM,-297.2,0.7,-0.1,0.7,12
10/14/2022,4:20 PM,-297.3,0.7,-0.1,0.8,12
10/14/2022,4:20 PM,-297.4,0.6,-0.1,0.8,12
10/14/2022,4:20 PM,-297.4,0.6,0,0.9,12
10/14/2022,4:20 PM,-297.3,0.4,-0.1,0.9,12
10/14/2022,4:20 PM,-297.4,0.3,-0.1,0.9,12
10/14/2022,4:20 PM,-297.3,0.3,-0.2,0.9,12
10/14/2022,4:20 PM,-297.3,0.3,-0.1,0.9,12
10/14/2022,4:20 PM,-297.3,0.3,-0.1,1,12
10/14/2022,4:20 PM,-297.3,0.1,-0.2,1,12
10/14/2022,4:20 PM,-297.2,0.1,-0.1,1,12
10/14/2022,4:20 PM,-297.3,0.1,-0.1,1.1,12
10/14/2022,4:20 PM,-297.3,0.1,-0.1,1,12
10/14/2022,4:20 PM,-297.3,0,-0.1,1,12
10/14/2022,4:20 PM,-297.3,-0.1,-0.1,1,12
10/14/2022,4:20 PM,-297.2,-0.1,-0.1,1,12
10/14/2022,4:20 PM,-297.2,0,0,1,12
10/14/2022,4:20 PM,-297.1,0,-0.1,1,12
10/14/2022,4:20 PM,-296.3,0,0.1,1.1,12
10/14/2022,4:20 PM,-255.6,0,-0.1,0.9,12
10/14/2022,4:20 PM,-179.1,0,0,1,12
10/14/2022,4:20 PM,37.2,-0.2,0,1,12
10/14/2022,4:20 PM,123.5,0,0.1,1,12
10/14/2022,4:20 PM,164.1,-0.1,0,1,12
10/14/2022,4:20 PM,165.9,0,0,1,12
10/14/2022,4:20 PM,165,0,0,1,12
10/14/2022,4:20 PM,164.9,-0.1,0,1,12
10/14/2022,4:20 PM,164.7,-0.1,0,1,12
10/14/2022,4:20 PM,164.6,-0.1,0,1,12
10/14/2022,4:20 PM,164.8,0,0,1,12
10/14/2022,4:20 PM,165.1,-0.1,0,1,12
10/14/2022,4:20 PM,165.4,0,0,1,12
10/14/2022,4:20 PM,165.7,0,0,1,12
10/14/2022,4:20 PM,164.7,-0.1,0,1,12
10/14/2022,5:05 PM,165.5,-0.1,0,1,13
10/14/2022,5:05 PM,165.7,-0.1,0,1,13
10/14/2022,5:05 PM,165.5,0,0,1,13
10/14/2022,5:05 PM,165.6,-0.1,0,1,13
10/14/2022,5:05 PM,165.5,-0.1,0,1,13
10/14/2022,5:05 PM,165.5,-0.1,0,1,13
10/14/2022,5:05 PM,165.6,-0.1,0,1,13
10/14/2022,5:05 PM,165.5,-0.1,0,1,13
10/14/2022,5:05 PM,165.6,-0.1,0,1,13
10/14/2022,5:05 PM,165.6,0,0,1,13
10/14/2022,5:05 PM,176.2,0,0.1,1,13
10/14/2022,5:05 PM,160.2,0,0,1,13
10/14/2022,5:05 PM,52.4,0,-0.1,1,13
10/14/2022,5:05 PM,-237.6,0,0.2,1.3,13
10/14/2022,5:05 PM,-296.9,-0.1,-0.1,1,13
10/14/2022,5:05 PM,-297.1,-0.1,0,0.9,13
10/14/2022,5:05 PM,-297.2,0.1,0,0.9,13
10/14/2022,5:05 PM,-297.2,0,-0.1,0.9,13
10/14/2022,5:05 PM,-297.2,0,0,0.9,13
10/14/2022,5:05 PM,-297.3,0.1,0,1,13
10/14/2022,5:05 PM,-297.3,-0.1,-0.1,0.9,13
10/14/2022,5:05 PM,-297.2,-0.1,0,1,13
10/14/2022,5:05 PM,-297.3,-0.1,-0.1,1,13
10/14/2022,5:05 PM,-297.2,0,-0.1,1,13
10/14/2022,5:05 PM,-297.2,0.1,0,1.1,13
10/14/2022,5:05 PM,-297.4,0,0.1,1.1,13
10/14/2022,5:05 PM,-297.3,0.1,-0.1,1,13
10/14/2022,5:05 PM,-297.3,0.2,-0.3,0.9,13
10/14/2022,5:05 PM,-297.3,0.1,-0.2,0.9,13
10/14/2022,5:05 PM,-297.2,0.2,-0.1,1,13
10/14/2022,5:05 PM,-297.3,0.2,-0.1,1,13
10/14/2022,5:05 PM,-297.3,0.1,-0.2,0.9,13
10/14/2022,5:05 PM,-297.4,0.1,0.1,1,13
10/14/2022,5:05 PM,-297.4,0,0,1,13
10/14/2022,5:05 PM,-297.3,0.1,0,1,13
10/14/2022,5:05 PM,-297.2,-0.2,0,1,13
10/14/2022,5:05 PM,-297.2,-0.1,0,1,13
10/14/2022,5:05 PM,-297.3,0,0,0.9,13
10/14/2022,5:05 PM,-297.1,0,0.1,1,13
10/14/2022,5:05 PM,-232.8,-0.1,-0.2,1.1,13
10/14/2022,5:05 PM,-231.4,-0.1,0,1,13
10/14/2022,5:05 PM,-170.8,0,0,1,13
10/14/2022,5:05 PM,40.4,-0.1,0,1,13
10/14/2022,5:05 PM,195.9,0,0.1,1,13
10/14/2022,5:05 PM,174.8,0,0,1,13
10/14/2022,5:05 PM,167.9,0,0.1,1,13
10/14/2022,5:05 PM,165.8,0,0,1,13
10/14/2022,5:05 PM,167.3,0,0,1,13
10/14/2022,5:05 PM,166.1,0,0,1,13
10/14/2022,5:05 PM,166.6,0,0,1,13
10/14/2022,5:05 PM,165.8,0,0,1,13
10/14/2022,5:05 PM,166.1,-0.1,0,1,13
10/14/2022,5:05 PM,166.8,-0.1,0,1,13
10/14/2022,5:05 PM,166.9,0,0,1,13
10/14/2022,5:05 PM,165.4,-0.1,0,1,13
10/14/2022,5:05 PM,166.8,0,0,1,13
10/14/2022,5:05 PM,166,0,0,1,13
10/14/2022,5:05 PM,165.3,-0.1,0,1,13
10/14/2022,5:05 PM,166.2,0,0,1,13
10/14/2022,5:05 PM,166,0,0,1,13
10/14/2022,5:05 PM,165.6,-0.1,0,1,13
10/14/2022,5:05 PM,166.2,-0.1,0,1,13
10/14/2022,7:32 AM,166.5,0,0,1,14
10/14/2022,7:32 AM,166.3,0,0,1,14
10/14/2022,7:32 AM,166.1,0,0,1,14
10/14/2022,7:32 AM,166.2,0,0,1,14
10/14/2022,7:32 AM,166.4,0,0,1,14
10/14/2022,7:32 AM,165.2,0,0,1,14
10/14/2022,7:32 AM,166.5,-0.1,0,1,14
10/14/2022,7:32 AM,172.1,-0.1,0,1,14
10/14/2022,7:32 AM,172.3,-0.1,0,1,14
10/14/2022,7:32 AM,133.2,-0.1,-0.1,1,14
10/14/2022,7:32 AM,-169.5,-0.2,0.2,1.2,14
10/14/2022,7:32 AM,-297,-0.2,-0.1,1.1,14
10/14/2022,7:32 AM,-297,-0.1,0.1,1.1,14
10/14/2022,7:32 AM,-297.2,0.1,0,0.9,14
10/14/2022,7:32 AM,-297.3,0.3,0.1,0.9,14
10/14/2022,7:32 AM,-297.2,0.3,0.1,0.8,14
10/14/2022,7:32 AM,-297.3,0.4,0.1,0.9,14
10/14/2022,7:32 AM,-297.3,0.4,0.1,0.8,14
10/14/2022,7:32 AM,-297.2,0.5,0.1,0.8,14
10/14/2022,7:32 AM,-297.3,0.6,0.1,0.7,14
10/14/2022,7:32 AM,-297.2,0.6,0.3,0.8,14
10/14/2022,7:32 AM,-297.3,0.6,0.3,0.8,14
10/14/2022,7:32 AM,-297.2,0.7,0.3,0.7,14
10/14/2022,7:32 AM,-297.3,0.8,0.2,0.6,14
10/14/2022,7:32 AM,-297.3,0.9,0.2,0.5,14
10/14/2022,7:32 AM,-297.3,0.9,0.3,0.5,14
10/14/2022,7:32 AM,-297.4,0.9,0.2,0.4,14
10/14/2022,7:32 AM,-297.4,0.9,0.2,0.4,14
10/14/2022,7:32 AM,-297.2,0.9,0.2,0.3,14
10/14/2022,7:32 AM,-297.4,0.9,0.2,0.4,14
10/14/2022,7:32 AM,-297.3,0.9,0.2,0.4,14
10/14/2022,7:32 AM,-297.3,0.9,0.2,0.4,14
10/14/2022,7:32 AM,-297.3,0.9,0.2,0.5,14
10/14/2022,7:32 AM,-297.3,0.8,0.2,0.6,14
10/14/2022,7:32 AM,-297.3,0.7,0.2,0.6,14
10/14/2022,7:32 AM,-297.3,0.8,0.3,0.7,14
10/14/2022,7:32 AM,-297.4,0.5,0.1,0.8,14
10/14/2022,7:32 AM,-297.3,0.3,0,0.9,14
10/14/2022,7:32 AM,-297.3,0.1,-0.1,0.9,14
10/14/2022,7:32 AM,-297.3,0.1,0,1,14
10/14/2022,7:32 AM,-297.3,0,0,1.1,14
10/14/2022,7:32 AM,-297.3,0,-0.1,1.1,14
10/14/2022,7:32 AM,-297.2,0,-0.1,1,14
10/14/2022,7:32 AM,-297.3,0,-0.1,1,14
10/14/2022,7:32 AM,-297.2,0,0,1,14
10/14/2022,7:32 AM,-297.4,0,0,1,14
10/14/2022,7:32 AM,-297.3,0.1,0,1,14
10/14/2022,7:32 AM,-297.2,0,0,1,14
10/14/2022,7:32 AM,-297.1,0,0,1,14
10/14/2022,7:32 AM,-297.2,0,0,1.1,14
10/14/2022,7:32 AM,-229.6,0,0,1,14
10/14/2022,7:32 AM,-131.4,0,0.1,1,14
10/14/2022,7:32 AM,94,-0.1,0.1,1,14
10/14/2022,7:32 AM,168.9,0,0,1,14
10/14/2022,7:32 AM,131.7,-0.2,0,1,14
10/14/2022,7:32 AM,133.3,0,0,1,14
10/14/2022,7:32 AM,130.1,-0.1,0.1,1,14
10/14/2022,7:32 AM,134.3,0,0,1,14
10/14/2022,7:32 AM,132.2,-0.1,0,1,14
10/14/2022,7:32 AM,131.1,0,0,1,14
10/14/2022,7:32 AM,134.1,-0.1,0,1,14
10/14/2022,7:32 AM,133.2,-0.1,0,1,14
10/14/2022,7:32 AM,132.8,0,0,1,14
10/14/2022,7:32 AM,134.5,0,0,1,14
10/14/2022,4:14 PM,135,-0.1,0,1,15
10/14/2022,4:14 PM,137.7,0.2,0,1,15
10/14/2022,4:14 PM,138.7,0,0,1,15
10/14/2022,4:14 PM,23.7,-0.2,0,1,15
10/14/2022,4:14 PM,-266.4,-0.1,0.2,1.3,15
10/14/2022,4:14 PM,-297,0,-0.1,1.1,15
10/14/2022,4:14 PM,-297.1,0.3,0,1,15
10/14/2022,4:14 PM,-297.2,0.2,0,0.9,15
10/14/2022,4:14 PM,-297.2,0.5,0,0.8,15
10/14/2022,4:14 PM,-297.4,0.4,0,0.9,15
10/14/2022,4:14 PM,-297.3,0.5,0,0.9,15
10/14/2022,4:14 PM,-297.3,0.6,0,0.9,15
10/14/2022,4:14 PM,-297.3,0.5,-0.1,0.7,15
10/14/2022,4:14 PM,-297.3,0.6,-0.1,0.7,15
10/14/2022,4:14 PM,-297.2,0.9,-0.1,0.5,15
10/14/2022,4:14 PM,-297.3,0.9,-0.1,0.5,15
10/14/2022,4:14 PM,-297.3,0.9,0,0.5,15
10/14/2022,4:14 PM,-297.2,1,-0.1,0.4,15
10/14/2022,4:14 PM,-297.3,1,-0.1,0.3,15
10/14/2022,4:14 PM,-297.3,0.9,-0.1,0.3,15
10/14/2022,4:14 PM,-297.3,1,-0.1,0.3,15
10/14/2022,4:14 PM,-297.3,0.9,-0.1,0.3,15
10/14/2022,4:14 PM,-297.4,0.9,-0.1,0.4,15
10/14/2022,4:14 PM,-297.3,0.9,-0.1,0.5,15
10/14/2022,4:14 PM,-297.3,0.8,-0.1,0.5,15
10/14/2022,4:14 PM,-297.3,0.8,0,0.6,15
10/14/2022,4:14 PM,-297.2,0.8,0,0.6,15
10/14/2022,4:14 PM,-297.4,0.7,-0.1,0.7,15
10/14/2022,4:14 PM,-297.3,0.5,-0.1,0.8,15
10/14/2022,4:14 PM,-297.3,0.4,-0.1,0.8,15
10/14/2022,4:14 PM,-297.2,0.2,-0.1,0.9,15
10/14/2022,4:14 PM,-297.4,0.1,-0.1,1.1,15
10/14/2022,4:14 PM,-297.3,0.1,0,1.1,15
10/14/2022,4:14 PM,-297.3,-0.1,-0.1,1,15
10/14/2022,4:14 PM,-297.3,-0.1,0,1.1,15
10/14/2022,4:14 PM,-297.3,0,0,1,15
10/14/2022,4:14 PM,-297.2,0,0,1,15
10/14/2022,4:14 PM,-297.3,0,0,1,15
10/14/2022,4:14 PM,-297.3,0,0,1,15
10/14/2022,4:14 PM,-297.2,0,0,1.1,15
10/14/2022,4:14 PM,-152.7,0,-0.1,1,15
10/14/2022,4:14 PM,-55.9,-0.1,0.1,1,15
10/14/2022,4:14 PM,132.3,0,0,1,15
10/14/2022,4:14 PM,103,-0.1,0.1,1,15
10/14/2022,4:14 PM,93.9,0,0,1,15
10/14/2022,4:14 PM,96.5,-0.1,0,1,15
10/14/2022,4:14 PM,95.2,-0.1,0,1,15
10/14/2022,4:14 PM,93.7,-0.1,0,1,15
10/14/2022,4:14 PM,95.8,0,0,1,15
10/14/2022,4:14 PM,94.1,0,0,1,15
10/14/2022,4:14 PM,93.1,0,0,1,15
10/14/2022,4:14 PM,95,0,0,1,15
10/14/2022,4:14 PM,94,0,0,1,15
10/14/2022,4:14 PM,93.3,0,0,1,15
10/14/2022,4:14 PM,95.1,0,0,1,15
10/14/2022,4:14 PM,94.7,-0.1,0,1,15
10/14/2022,4:14 PM,94.1,0,0,1,15
10/14/2022,12:15 PM,95.8,0,0,1,16
10/14/2022,12:15 PM,96.2,0,0,1,16
10/14/2022,12:15 PM,96.2,0,0,1,16
10/14/2022,12:15 PM,95.9,0,0,1,16
10/14/2022,12:15 PM,95.8,-0.1,0,1,16
10/14/2022,12:15 PM,97.1,0,-0.1,1,16
10/14/2022,12:15 PM,97.8,-0.1,0,1,16
10/14/2022,12:15 PM,96.3,0,0,1,16
10/14/2022,12:15 PM,109.6,0,0,1,16
10/14/2022,12:15 PM,100.7,0,0,1,16
10/14/2022,12:15 PM,-131.9,-0.1,0,1.1,16
10/14/2022,12:15 PM,-296.8,-0.2,0,1.2,16
10/14/2022,12:15 PM,-297.1,-0.1,-0.1,1,16
10/14/2022,12:15 PM,-297.2,0.1,0.1,1.1,16
10/14/2022,12:15 PM,-297.3,0.2,-0.1,0.9,16
10/14/2022,12:15 PM,-297.3,0.3,0,0.9,16
10/14/2022,12:15 PM,-297.3,0.3,0,0.9,16
10/14/2022,12:15 PM,-297.2,0.4,0,0.8,16
10/14/2022,12:15 PM,-297.3,0.5,0,0.8,16
10/14/2022,12:15 PM,-297.3,0.5,0,0.8,16
10/14/2022,12:15 PM,-297.2,0.6,0,0.8,16
10/14/2022,12:15 PM,-297.4,0.6,0,0.8,16
10/14/2022,12:15 PM,-297.3,0.7,0,0.8,16
10/14/2022,12:15 PM,-297.3,0.7,-0.1,0.7,16
10/14/2022,12:15 PM,-297.3,0.8,0,0.6,16
10/14/2022,12:15 PM,-297.4,0.9,0,0.5,16
10/14/2022,12:15 PM,-297.2,1,0,0.4,16
10/14/2022,12:15 PM,-297.4,1,0,0.4,16
10/14/2022,12:15 PM,-297.4,0.9,0,0.4,16
10/14/2022,12:15 PM,-297.3,1,0,0.3,16
10/14/2022,12:15 PM,-297.3,1,0,0.2,16
10/14/2022,12:15 PM,-297.3,1,0,0.2,16
10/14/2022,12:15 PM,-297.4,1,0,0.2,16
10/14/2022,12:15 PM,-297.2,1,0,0.1,16
10/14/2022,12:15 PM,-297.4,1,0,0.1,16
10/14/2022,12:15 PM,-297.3,1,0,0,16
10/14/2022,12:15 PM,-297.4,1,0,0,16
10/14/2022,12:15 PM,-297.2,1,-0.1,-0.1,16
10/14/2022,12:15 PM,-297.3,1,0,-0.1,16
10/14/2022,12:15 PM,-297.3,1,-0.1,-0.2,16
10/14/2022,12:15 PM,-297.3,1,0,-0.3,16
10/14/2022,12:15 PM,-297.2,1,0,-0.3,16
10/14/2022,12:15 PM,-297.4,0.9,0,-0.3,16
10/14/2022,12:15 PM,-297.2,0.9,-0.1,-0.3,16
10/14/2022,12:15 PM,-297.2,1,-0.1,-0.3,16
10/14/2022,12:15 PM,-297.3,1,0,-0.2,16
10/14/2022,12:15 PM,-297.3,1,0,-0.1,16
10/14/2022,12:15 PM,-297.3,1,0,0.1,16
10/14/2022,12:15 PM,-297.3,1.1,0.1,0.1,16
10/14/2022,12:15 PM,-297.2,0.9,0,0.3,16
10/14/2022,12:15 PM,-297.4,0.8,-0.1,0.6,16
10/14/2022,12:15 PM,-297.3,0.2,-0.2,0.8,16
10/14/2022,12:15 PM,-297.3,0.1,-0.1,1,16
10/14/2022,12:15 PM,-297.3,-0.1,0,1.2,16
10/14/2022,12:15 PM,-297.4,-0.1,-0.2,1.1,16
10/14/2022,12:15 PM,-297.3,-0.1,-0.1,1,16
10/14/2022,12:15 PM,-297.3,0,0,1,16
10/14/2022,12:15 PM,-297.4,-0.1,-0.1,1,16
10/14/2022,12:15 PM,-297.2,0,0,1.1,16
10/14/2022,12:15 PM,-297.3,-0.3,0,1.5,16
10/14/2022,12:15 PM,-201.8,0,-0.1,1,16
10/14/2022,12:15 PM,-77.9,-0.1,0.1,1,16
10/14/2022,12:15 PM,70.9,0,-0.1,1,16
10/14/2022,12:15 PM,29.5,-0.1,0,1,16
10/14/2022,12:15 PM,-2.2,0,-0.1,1,16
10/14/2022,12:15 PM,-3.6,-0.1,0,1,16
10/14/2022,12:15 PM,-2.3,-0.1,0,1,16
10/14/2022,12:15 PM,-2.3,0,-0.1,1,16
10/14/2022,12:15 PM,-3.2,-0.1,0,1,16
10/14/2022,12:15 PM,-3.1,-0.1,0,1,16
10/14/2022,12:15 PM,-3,-0.1,0,1,16
10/14/2022,12:15 PM,-3,0,0,1,16
10/14/2022,12:15 PM,-2.8,0,0,1,16
10/14/2022,7:36 PM,-0.7,0,0,1,17
10/14/2022,7:36 PM,-0.7,0,0,1,17
10/14/2022,7:36 PM,-0.8,0,0,1,17
10/14/2022,7:36 PM,-0.7,0,0,1,17
10/14/2022,7:36 PM,-0.9,0,0,1,17
10/14/2022,7:36 PM,-0.8,0,0,1,17
10/14/2022,7:36 PM,-0.8,0,0,1,17
10/14/2022,7:36 PM,-0.8,0,0,1,17
10/14/2022,7:36 PM,-0.8,0,0,1,17
10/14/2022,7:36 PM,4.7,-0.1,0,1,17
10/14/2022,7:36 PM,8.9,0,-0.1,1,17
10/14/2022,7:36 PM,8.4,0.1,0,1,17
10/14/2022,7:36 PM,3.1,-0.1,0,1,17
10/14/2022,7:36 PM,5,-0.1,0,1,17
10/14/2022,7:36 PM,1.5,-0.1,0,1,17
10/14/2022,7:36 PM,-4.7,-0.1,0,1,17
10/14/2022,7:36 PM,-4.3,-0.1,0,1,17
10/14/2022,7:36 PM,-4.3,-0.1,0,1,17
10/14/2022,7:36 PM,-4,-0.1,0,1,17
10/14/2022,7:36 PM,-3.9,-0.1,0,1,17
10/14/2022,7:36 PM,-4.1,-0.1,0,1,17
10/14/2022,7:36 PM,-4.1,-0.1,0,1,17
10/14/2022,7:36 PM,-4.2,-0.1,0,1,17
10/14/2022,7:36 PM,-3.9,-0.1,0,1,17
10/14/2022,7:36 PM,-3.4,-0.1,0,1,17
10/14/2022,7:36 PM,-3.1,-0.1,0,1,17
10/14/2022,7:36 PM,-3,-0.1,0,1,17
10/14/2022,7:36 PM,2.7,-0.1,0,1,17
10/14/2022,7:36 PM,6.3,0,0,1,17
10/14/2022,7:36 PM,23.1,-0.1,0,1,17
10/14/2022,7:36 PM,20.7,0,0,1,17
10/14/2022,7:36 PM,20.8,-0.1,0,1,17
10/14/2022,7:36 PM,22.5,0,0,1,17
10/14/2022,7:36 PM,24.3,0,0.1,1,17
10/14/2022,7:36 PM,1.2,-0.1,0.1,1,17
10/14/2022,7:36 PM,1.4,0,0,1,17
10/14/2022,7:36 PM,0.5,-0.1,0,1,17
10/14/2022,7:36 PM,-0.7,-0.1,0,1,17
10/14/2022,7:36 PM,-0.6,0,0,1,17
10/14/2022,7:36 PM,-1.1,-0.1,0,1,17
10/14/2022,7:36 PM,-0.8,0,0,1,17
10/14/2022,7:36 PM,-0.4,0,0,1,17
10/14/2022,7:36 PM,-0.1,0,0,1,17
10/14/2022,7:36 PM,-0.8,0,0,1,17
10/14/2022,7:36 PM,-1.4,0,0,1,17
10/14/2022,7:36 PM,-1.7,0,0,1,17
10/14/2022,7:36 PM,-1.1,0,0,1,17
10/14/2022,3:55 PM,-0.7,0,0,1,18
10/14/2022,3:55 PM,-1.2,0,0,1,18
10/14/2022,3:55 PM,-1.2,0,0,1,18
10/14/2022,3:55 PM,-1.1,0,0,1,18
10/14/2022,3:55 PM,-1.2,0,0,1,18
10/14/2022,3:55 PM,-1.2,0,0,1,18
10/14/2022,3:55 PM,-1.2,0,0,1,18
10/14/2022,3:55 PM,-1.2,0,0,1,18
10/14/2022,3:55 PM,-1.2,0,0,1,18
10/14/2022,3:55 PM,-1.1,0,0,1,18
10/14/2022,3:55 PM,-1.1,0,0,1,18
10/14/2022,3:55 PM,-1.2,0,0,1,18
10/14/2022,3:55 PM,-1.2,0,0,1,18
10/14/2022,3:55 PM,-1.3,0,0,1,18
10/14/2022,3:55 PM,-1.2,0,0,1,18
10/14/2022,3:55 PM,-1.3,0,0,1,18
10/14/2022,3:55 PM,-1.2,0,0,1,18
10/14/2022,3:55 PM,-1.1,0,0,1,18
10/14/2022,3:55 PM,-1.2,0,0,1,18
10/14/2022,3:55 PM,-1.1,0,0,1,18
10/14/2022,3:55 PM,-1.2,0,0,1,18
10/14/2022,3:55 PM,-1.1,0,0,1,18
10/14/2022,3:55 PM,-1.2,0,0,1,18
10/14/2022,3:55 PM,-1.1,0,0,1,18
10/14/2022,3:55 PM,-1.2,0,0,1,18
10/14/2022,3:55 PM,-1.2,0,0,1,18
10/14/2022,3:55 PM,-1.2,0,0,1,18
10/14/2022,3:55 PM,2.1,0,0,1,18
10/14/2022,3:55 PM,1.7,0,0,1,18
10/14/2022,3:55 PM,3.1,0,0,1,18
10/14/2022,3:55 PM,12.3,0,0,1,18
10/14/2022,3:55 PM,24,-0.1,0,1,18
10/14/2022,3:55 PM,29.1,-0.1,0,1,18
10/14/2022,3:55 PM,33.1,0,0,1,18
10/14/2022,3:55 PM,39.8,-0.1,0,1,18
10/14/2022,3:55 PM,54.5,0,0,1,18
10/14/2022,3:55 PM,52.3,0,0,1,18
10/14/2022,3:55 PM,61.9,0,0,1,18
10/14/2022,3:55 PM,63.2,0,0,1,18
10/14/2022,3:55 PM,66,0,0,1,18
10/14/2022,3:55 PM,71.2,0,0,1,18
10/14/2022,3:55 PM,78.9,0,0,1,18
10/14/2022,3:55 PM,86.3,0,0,1,18
10/14/2022,3:55 PM,94.7,0,0,1,18
10/14/2022,3:55 PM,102.7,0,0,1,18
10/14/2022,3:55 PM,105.5,-0.1,0,1,18
10/14/2022,3:55 PM,109.2,0,0,1,18
10/14/2022,3:55 PM,114.2,0,0,1,18
10/14/2022,3:55 PM,117,0,0,1,18
10/14/2022,3:55 PM,122.3,0,0,1,18
10/14/2022,3:55 PM,126.6,-0.1,0,1,18
10/14/2022,3:55 PM,132.6,0,0,1,18
10/14/2022,3:55 PM,140.4,-0.1,0,1,18
10/14/2022,3:55 PM,149.2,0,0,1,18
10/14/2022,3:55 PM,153.7,-0.1,0,1,18
10/14/2022,3:55 PM,159.6,0,0,1,18
10/14/2022,3:55 PM,165.1,-0.1,0,1,18
10/14/2022,3:55 PM,167.4,0,0,1,18
10/14/2022,3:55 PM,168.3,0,0.1,0.9,18
10/14/2022,3:55 PM,167.5,-0.1,0,0.9,18
10/14/2022,3:55 PM,166.8,-0.1,0,1,18
10/14/2022,3:55 PM,166.7,0,0,1,18
10/14/2022,3:55 PM,166.6,0,0,1,18
10/14/2022,3:55 PM,166.5,0,0,1,18
10/14/2022,3:55 PM,166.3,0,0,1,18
10/14/2022,3:55 PM,166.5,0,0,1,18
10/14/2022,3:55 PM,166.5,0,0,1,18
10/14/2022,3:55 PM,166.4,0,0,1,18
10/14/2022,3:55 PM,166.5,0,0,1,18
10/14/2022,3:55 PM,166.4,0,0,1,18
10/14/2022,3:55 PM,166.4,0,0,1,18
10/14/2022,3:55 PM,166.6,0,0,1,18
10/14/2022,3:55 PM,166.5,0,0,1,18
10/14/2022,3:55 PM,166.5,0,0,1,18
10/14/2022,3:55 PM,166.6,0,0,1,18
10/14/2022,3:55 PM,166.5,0,0,1,18
10/14/2022,3:55 PM,166.5,0,0,1,18
10/14/2022,3:55 PM,166.5,0,0,1,18
10/14/2022,3:55 PM,163.2,0,0,1,18
10/14/2022,3:55 PM,162.5,0,0,1,18
10/14/2022,3:55 PM,167.1,0,0,1,18
10/14/2022,3:55 PM,166.6,0,0,1,18
10/14/2022,3:55 PM,166.8,-0.1,0,1,18
10/14/2022,3:55 PM,166.4,0,0,1,18
10/14/2022,3:55 PM,166,0,0,1,18
10/14/2022,3:55 PM,166.4,0,0,1,18
10/14/2022,3:55 PM,166.5,0,0,1,18
10/14/2022,3:55 PM,166.4,0,0,1,18
10/14/2022,3:55 PM,166.6,0,0,1,18
10/14/2022,3:55 PM,166.5,0,0,1,18
10/14/2022,3:55 PM,166.7,0,0,1,18
10/14/2022,9:09:00 AM,166.6,0,0,1,19
10/14/2022,9:09:00 AM,166.7,0,0,1,19
10/14/2022,9:09:00 AM,166.6,0,0,1,19
10/14/2022,9:09:00 AM,166.5,0,0,1,19
10/14/2022,9:09:00 AM,166.6,0,0,1,19
10/14/2022,9:09:00 AM,166.5,0,0,1,19
10/14/2022,9:09:00 AM,170.4,-0.1,0,1,19
10/14/2022,9:09:00 AM,174.2,-0.2,0,1,19
10/14/2022,9:09:00 AM,176.5,0,0,1,19
10/14/2022,9:09:00 AM,-5.5,-0.2,0,1.1,19
10/14/2022,9:09:00 AM,-285.4,-0.1,0,1.2,19
10/14/2022,9:09:00 AM,-296.9,-0.3,-0.1,1,19
10/14/2022,9:09:00 AM,-297.1,0,0,1,19
10/14/2022,9:09:00 AM,-297.3,0.1,-0.1,0.8,19
10/14/2022,9:09:00 AM,-297.2,0.3,-0.1,0.9,19
10/14/2022,9:09:00 AM,-297.3,0.4,0,0.8,19
10/14/2022,9:09:00 AM,-297.2,0.5,0,0.9,19
10/14/2022,9:09:00 AM,-297.2,0.5,0,0.9,19
10/14/2022,9:09:00 AM,-297.3,0.5,-0.1,0.8,19
10/14/2022,9:09:00 AM,-297.3,0.7,-0.1,0.8,19
10/14/2022,9:09:00 AM,-297.3,0.6,-0.1,0.7,19
10/14/2022,9:09:00 AM,-297.3,0.7,-0.1,0.6,19
10/14/2022,9:09:00 AM,-297.4,0.9,-0.1,0.5,19
10/14/2022,9:09:00 AM,-297.3,0.9,-0.1,0.4,19
10/14/2022,9:09:00 AM,-297.3,0.9,-0.1,0.4,19
10/14/2022,9:09:00 AM,-297.3,0.9,-0.1,0.4,19
10/14/2022,9:09:00 AM,-297.2,1,-0.1,0.3,19
10/14/2022,9:09:00 AM,-297.3,0.9,-0.2,0.4,19
10/14/2022,9:09:00 AM,-297.3,0.9,-0.1,0.5,19
10/14/2022,9:09:00 AM,-297.4,0.8,-0.1,0.6,19
10/14/2022,9:09:00 AM,-297.3,0.8,-0.1,0.6,19
10/14/2022,9:09:00 AM,-297.3,0.8,-0.1,0.7,19
10/14/2022,9:09:00 AM,-297.3,0.7,-0.1,0.7,19
10/14/2022,9:09:00 AM,-297.2,0.6,0,0.8,19
10/14/2022,9:09:00 AM,-297.3,0.3,-0.1,0.9,19
10/14/2022,9:09:00 AM,-297.3,0.3,-0.1,0.9,19
10/14/2022,9:09:00 AM,-297.3,0.2,-0.2,0.9,19
10/14/2022,9:09:00 AM,-297.3,0.2,-0.1,1,19
10/14/2022,9:09:00 AM,-297.2,0.3,-0.1,1,19
10/14/2022,9:09:00 AM,-297.3,0.1,-0.1,1.1,19
10/14/2022,9:09:00 AM,-297.2,-0.1,-0.1,1.1,19
10/14/2022,9:09:00 AM,-297.3,-0.1,-0.1,1,19
10/14/2022,9:09:00 AM,-297.4,-0.2,-0.1,1,19
10/14/2022,9:09:00 AM,-297.2,0,0,1,19
10/14/2022,9:09:00 AM,-297.1,-0.1,0.1,1,19
10/14/2022,9:09:00 AM,-228.1,0,-0.1,0.9,19
10/14/2022,9:09:00 AM,-142.5,-0.1,0.1,1,19
10/14/2022,9:09:00 AM,75.3,-0.1,0,1,19
10/14/2022,9:09:00 AM,152.6,-0.1,0,1,19
10/14/2022,9:09:00 AM,160.2,0,0,1,19
10/14/2022,9:09:00 AM,142.7,-0.1,0,1,19
10/14/2022,9:09:00 AM,143.6,0,0,1,19
10/14/2022,9:09:00 AM,144.7,-0.1,0,1,19
10/14/2022,9:09:00 AM,142.6,0,0,1,19
10/14/2022,9:09:00 AM,143.7,-0.1,0,1,19
10/14/2022,9:09:00 AM,143.7,-0.1,0,1,19
10/14/2022,9:09:00 AM,142.4,0,0,1,19
10/14/2022,9:09:00 AM,143.8,0,0,1,19
10/14/2022,9:09:00 AM,143.7,0,0,1,19
10/14/2022,9:09:00 AM,142.7,0,0,1,19
10/14/2022,1:08 PM,144.5,0,0,1,20
10/14/2022,1:08 PM,145.1,0,0,1,20
10/14/2022,1:08 PM,145.3,0,0,1,20
10/14/2022,1:08 PM,145.4,0,0,1,20
10/14/2022,1:08 PM,145.8,0,0,1,20
10/14/2022,1:08 PM,146,0,0,1,20
10/14/2022,1:08 PM,145.9,0,0,1,20
10/14/2022,1:08 PM,145.6,0,0,1,20
10/14/2022,1:08 PM,152.7,-0.1,0.1,1,20
10/14/2022,1:08 PM,142.3,-0.2,0.1,1,20
10/14/2022,1:08 PM,-93.5,-0.2,0,1,20
10/14/2022,1:08 PM,-267.3,0,0.1,1.2,20
10/14/2022,1:08 PM,-296.9,-0.1,0,1,20
10/14/2022,1:08 PM,-297.1,-0.1,-0.1,1,20
10/14/2022,1:08 PM,-297.2,0,-0.1,1,20
10/14/2022,1:08 PM,-297.1,0.1,0,1,20
10/14/2022,1:08 PM,-297.2,0.3,0,1,20
10/14/2022,1:08 PM,-297.2,0.4,0.1,1,20
10/14/2022,1:08 PM,-297.3,0.4,0,0.9,20
10/14/2022,1:08 PM,-297.2,0.4,0.1,1,20
10/14/2022,1:08 PM,-297.2,0.5,0,0.9,20
10/14/2022,1:08 PM,-297.2,0.5,0,1,20
10/14/2022,1:08 PM,-297.3,0.4,0,0.9,20
10/14/2022,1:08 PM,-297.3,0.5,0,0.9,20
10/14/2022,1:08 PM,-297.2,0.6,-0.1,0.7,20
10/14/2022,1:08 PM,-297.2,0.6,0,0.8,20
10/14/2022,1:08 PM,-297.1,0.6,0,0.7,20
10/14/2022,1:08 PM,-297.3,0.7,0,0.7,20
10/14/2022,1:08 PM,-297.3,0.7,0,0.7,20
10/14/2022,1:08 PM,-297.2,0.7,0,0.7,20
10/14/2022,1:08 PM,-297.4,0.8,-0.1,0.5,20
10/14/2022,1:08 PM,-297.3,0.9,0,0.6,20
10/14/2022,1:08 PM,-297.2,0.9,0,0.5,20
10/14/2022,1:08 PM,-297.2,0.9,0,0.5,20
10/14/2022,1:08 PM,-297.3,0.9,0,0.4,20
10/14/2022,1:08 PM,-297.3,1,0,0.3,20
10/14/2022,1:08 PM,-297.2,1,0,0.3,20
10/14/2022,1:08 PM,-297.2,1,0,0.3,20
10/14/2022,1:08 PM,-297.3,1,0,0.3,20
10/14/2022,1:08 PM,-297.4,1,0,0.3,20
10/14/2022,1:08 PM,-297.3,1,0,0.2,20
10/14/2022,1:08 PM,-297.3,1,0,0.3,20
10/14/2022,1:08 PM,-297.3,1,0,0.3,20
10/14/2022,1:08 PM,-297.3,0.9,0,0.4,20
10/14/2022,1:08 PM,-297.3,0.9,0,0.5,20
10/14/2022,1:08 PM,-297.3,0.8,0,0.5,20
10/14/2022,1:08 PM,-297.3,0.8,0.1,0.7,20
10/14/2022,1:08 PM,-297.3,0.7,0.1,0.7,20
10/14/2022,1:08 PM,-297.3,0.6,0.1,0.8,20
10/14/2022,1:08 PM,-297.3,0.7,0.2,0.8,20
10/14/2022,1:08 PM,-297.3,0.5,0.1,0.8,20
10/14/2022,1:08 PM,-297.2,0.5,0.1,0.9,20
10/14/2022,1:08 PM,-297.3,0.4,0.2,1,20
10/14/2022,1:08 PM,-297.4,0.3,0,0.9,20
10/14/2022,1:08 PM,-297.3,0.2,-0.1,0.9,20
10/14/2022,1:08 PM,-297.2,0.1,-0.2,0.8,20
10/14/2022,1:08 PM,-297.3,0,-0.2,0.9,20
10/14/2022,1:08 PM,-297.3,-0.1,-0.3,0.9,20
10/14/2022,1:08 PM,-297.2,0.1,-0.1,1.1,20
10/14/2022,1:08 PM,-297.2,-0.1,-0.1,1.1,20
10/14/2022,1:08 PM,-297.2,0,0,1,20
10/14/2022,1:08 PM,-297.2,0,-0.1,1,20
10/14/2022,1:08 PM,-297.2,-0.1,0,1.1,20
10/14/2022,1:08 PM,-297.2,-0.1,0,1,20
10/14/2022,1:08 PM,-297.1,-0.1,-0.1,0.9,20
10/14/2022,1:08 PM,-284.4,-0.1,0,1,20
10/14/2022,1:08 PM,-137.3,0.1,-0.1,0.9,20
10/14/2022,1:08 PM,94.7,-0.1,0,1,20
10/14/2022,1:08 PM,107.5,0,0,1,20
10/14/2022,1:08 PM,87.7,-0.1,0,1,20
10/14/2022,1:08 PM,87.6,0,0,1,20
10/14/2022,1:08 PM,87.8,-0.1,0,1,20
10/14/2022,1:08 PM,88,0,0,1,20
10/14/2022,1:08 PM,87.5,0,0,1,20
10/14/2022,1:08 PM,87,-0.1,0,1,20
10/14/2022,1:08 PM,87.4,0,0,1,20
10/14/2022,1:08 PM,87,-0.1,0,1,20
10/14/2022,1:08 PM,87.1,0,0,1,20
10/14/2022,1:08 PM,87.9,-0.1,0,1,20
10/14/2022,1:25 PM,87.7,0,0,1,21
10/14/2022,1:25 PM,88,0,0,1,21
10/14/2022,1:25 PM,87.9,0,0,1,21
10/14/2022,1:25 PM,87.9,0,0,1,21
10/14/2022,1:25 PM,87.7,-0.1,0,1,21
10/14/2022,1:25 PM,87.8,0,0,1,21
10/14/2022,1:25 PM,87.6,-0.1,0,1,21
10/14/2022,1:25 PM,88.1,0,0,1,21
10/14/2022,1:25 PM,88.3,0,0,1,21
10/14/2022,1:25 PM,88.2,0,0,1,21
10/14/2022,1:25 PM,88.1,-0.1,0,1,21
10/14/2022,1:25 PM,87.4,-0.1,0,1,21
10/14/2022,1:25 PM,87.1,0,0,1,21
10/14/2022,1:25 PM,88.1,0,0,1,21
10/14/2022,1:25 PM,87.7,0,0,1,21
10/14/2022,1:25 PM,88.2,0,0,1,21
10/14/2022,1:25 PM,88.3,-0.1,0,1,21
10/14/2022,1:25 PM,87.5,0,0,1,21
10/14/2022,1:25 PM,87.4,0,0,1,21
10/14/2022,1:25 PM,87.5,0,0,1,21
10/14/2022,1:25 PM,88,0,0,1,21
10/14/2022,1:25 PM,88.1,-0.1,0,1,21
10/14/2022,1:25 PM,90.2,-0.1,0,1,21
10/14/2022,1:25 PM,82.9,-0.3,0.1,1,21
10/14/2022,1:25 PM,39.2,0.2,0,1,21
10/14/2022,1:25 PM,-235,-0.2,0,1.2,21
10/14/2022,1:25 PM,-296.9,-0.1,0,1,21
10/14/2022,1:25 PM,-296.9,0,0,1,21
10/14/2022,1:25 PM,-297.2,0.1,0,1,21
10/14/2022,1:25 PM,-297.1,0.2,0,1,21
10/14/2022,1:25 PM,-297.2,0.2,-0.1,1,21
10/14/2022,1:25 PM,-297.2,0.3,-0.2,1,21
10/14/2022,1:25 PM,-297.2,0.4,-0.3,0.9,21
10/14/2022,1:25 PM,-297.2,0.4,-0.3,0.8,21
10/14/2022,1:25 PM,-297.2,0.5,-0.3,0.8,21
10/14/2022,1:25 PM,-297.3,0.5,-0.3,0.8,21
10/14/2022,1:25 PM,-297.3,0.7,-0.5,0.7,21
10/14/2022,1:25 PM,-297.3,0.6,-0.4,0.7,21
10/14/2022,1:25 PM,-297.3,0.7,-0.4,0.6,21
10/14/2022,1:25 PM,-297.2,0.7,-0.4,0.6,21
10/14/2022,1:25 PM,-297.2,0.7,-0.5,0.5,21
10/14/2022,1:25 PM,-297.3,0.8,-0.5,0.5,21
10/14/2022,1:25 PM,-297.3,0.8,-0.5,0.4,21
10/14/2022,1:25 PM,-297.3,0.8,-0.5,0.4,21
10/14/2022,1:25 PM,-297.3,0.8,-0.5,0.4,21
10/14/2022,1:25 PM,-297.2,0.8,-0.5,0.3,21
10/14/2022,1:25 PM,-297.2,0.9,-0.5,0.3,21
10/14/2022,1:25 PM,-297.2,0.9,-0.5,0.3,21
10/14/2022,1:25 PM,-297.2,0.8,-0.5,0.3,21
10/14/2022,1:25 PM,-297.4,0.8,-0.5,0.2,21
10/14/2022,1:25 PM,-297.3,0.8,-0.5,0.3,21
10/14/2022,1:25 PM,-297.3,0.9,-0.5,0.2,21
10/14/2022,1:25 PM,-297.4,0.9,-0.5,0.2,21
10/14/2022,1:25 PM,-297.3,0.8,-0.5,0.3,21
10/14/2022,1:25 PM,-297.3,0.8,-0.5,0.4,21
10/14/2022,1:25 PM,-297.3,0.9,-0.5,0.3,21
10/14/2022,1:25 PM,-297.2,0.9,-0.5,0.2,21
10/14/2022,1:25 PM,-297.4,0.9,-0.5,0.2,21
10/14/2022,1:25 PM,-297.3,0.9,-0.5,0.2,21
10/14/2022,1:25 PM,-297.3,0.9,-0.5,0.2,21
10/14/2022,1:25 PM,-297.3,0.9,-0.5,0.2,21
10/14/2022,1:25 PM,-297.3,0.9,-0.5,0.3,21
10/14/2022,1:25 PM,-297.3,0.8,-0.4,0.4,21
10/14/2022,1:25 PM,-297.2,0.8,-0.5,0.4,21
10/14/2022,1:25 PM,-297.3,0.7,-0.5,0.5,21
10/14/2022,1:25 PM,-297.3,0.7,-0.5,0.6,21
10/14/2022,1:25 PM,-297.3,0.6,-0.5,0.6,21
10/14/2022,1:25 PM,-297.3,0.5,-0.3,0.8,21
10/14/2022,1:25 PM,-297.4,0.5,-0.3,0.8,21
10/14/2022,1:25 PM,-297.4,0.4,-0.2,0.8,21
10/14/2022,1:25 PM,-297.3,0.3,-0.1,0.9,21
10/14/2022,1:25 PM,-297.3,0.1,0,1,21
10/14/2022,1:25 PM,-297.3,0.1,0,1,21
10/14/2022,1:25 PM,-297.3,0,0,1,21
10/14/2022,1:25 PM,-297.3,0,0.1,1.1,21
10/14/2022,1:25 PM,-297.3,-0.1,0,1.1,21
10/14/2022,1:25 PM,-297.3,-0.1,0.1,1,21
10/14/2022,1:25 PM,-297.3,-0.1,0.1,1.1,21
10/14/2022,1:25 PM,-297.3,-0.1,0,1.1,21
10/14/2022,1:25 PM,-297.2,-0.2,0,1.1,21
10/14/2022,1:25 PM,-297.2,0,0,1.1,21
10/14/2022,1:25 PM,-297.3,0.1,0,1,21
10/14/2022,1:25 PM,-297.4,0.2,-0.1,0.9,21
10/14/2022,1:25 PM,-297.3,0.4,-0.2,0.8,21
10/14/2022,1:25 PM,-297.3,0.5,-0.3,0.7,21
10/14/2022,1:25 PM,-297.3,0.6,-0.3,0.7,21
10/14/2022,1:25 PM,-297.2,0.7,-0.4,0.5,21
10/14/2022,1:25 PM,-297.3,0.7,-0.3,0.6,21
10/14/2022,1:25 PM,-297.3,0.8,-0.5,0.5,21
10/14/2022,1:25 PM,-297.3,0.8,-0.5,0.4,21
10/14/2022,1:25 PM,-297.3,0.8,-0.4,0.4,21
10/14/2022,1:25 PM,646.4,0.9,-0.4,0.3,21
10/14/2022,1:25 PM,-297.3,0.9,-0.5,0.3,21
10/14/2022,1:25 PM,-297.3,0.9,-0.5,0.2,21
10/14/2022,1:25 PM,-297.4,0.9,-0.5,0.1,21
10/14/2022,1:25 PM,-297.3,0.9,-0.4,0.1,21
10/14/2022,1:25 PM,-297.4,0.9,-0.5,0.1,21
10/14/2022,1:25 PM,-297.2,0.9,-0.5,0.1,21
10/14/2022,1:25 PM,-297.4,0.9,-0.5,0.1,21
10/14/2022,1:25 PM,-297.3,0.9,-0.5,0.1,21
10/14/2022,1:25 PM,-297.3,0.9,-0.5,0.2,21
10/14/2022,1:25 PM,-297.4,0.9,-0.5,0.3,21
10/14/2022,1:25 PM,-297.3,0.8,-0.5,0.3,21
10/14/2022,1:25 PM,-297.3,0.8,-0.4,0.4,21
10/14/2022,1:25 PM,-297.2,0.8,-0.5,0.4,21
10/14/2022,1:25 PM,-297.4,0.8,-0.5,0.5,21
10/14/2022,1:25 PM,-297.3,0.7,-0.4,0.5,21
10/14/2022,1:25 PM,-297.3,0.6,-0.4,0.7,21
10/14/2022,1:25 PM,-297.3,0.5,-0.4,0.8,21
10/14/2022,1:25 PM,-297.3,0.5,-0.3,0.8,21
10/14/2022,1:25 PM,-297.3,0.4,-0.2,0.9,21
10/14/2022,1:25 PM,-297.2,0.4,-0.2,0.9,21
10/14/2022,1:25 PM,-297.3,0.3,-0.1,1,21
10/14/2022,1:25 PM,-297.3,0.3,-0.2,1,21
10/14/2022,1:25 PM,-297.3,0.3,-0.1,1,21
10/14/2022,1:25 PM,-297.4,0.3,-0.1,1,21
10/14/2022,1:25 PM,-297.3,0.3,-0.1,1,21
10/14/2022,1:25 PM,-297.3,0.3,-0.1,1,21
10/14/2022,1:25 PM,-297.2,0.3,-0.1,0.9,21
10/14/2022,1:25 PM,-297.4,0.3,-0.2,1,21
10/14/2022,1:25 PM,-297.3,0.2,-0.1,1,21
10/14/2022,1:25 PM,-297.3,0.3,-0.2,1,21
10/14/2022,1:25 PM,-297.3,0.3,-0.2,0.9,21
10/14/2022,1:25 PM,-297.3,0.4,-0.2,0.9,21
10/14/2022,1:25 PM,-297.4,0.4,-0.3,0.9,21
10/14/2022,1:25 PM,-297.4,0.5,-0.3,0.8,21
10/14/2022,1:25 PM,-297.3,0.5,-0.3,0.7,21
10/14/2022,1:25 PM,-297.3,0.7,-0.4,0.6,21
10/14/2022,1:25 PM,-297.4,0.7,-0.4,0.6,21
10/14/2022,1:25 PM,-297.3,0.7,-0.4,0.5,21
10/14/2022,1:25 PM,-297.3,0.8,-0.5,0.4,21
10/14/2022,1:25 PM,-297.3,0.8,-0.5,0.3,21
10/14/2022,1:25 PM,-297.3,0.9,-0.5,0.2,21
10/14/2022,1:25 PM,-297.2,0.9,-0.5,0.2,21
10/14/2022,1:25 PM,-297.3,0.9,-0.5,0.1,21
10/14/2022,1:25 PM,-297.3,1,-0.4,-0.1,21
10/14/2022,1:25 PM,-297.4,0.9,-0.4,-0.1,21
10/14/2022,1:25 PM,-297.3,0.9,-0.4,-0.1,21
10/14/2022,1:25 PM,-297.3,0.9,-0.4,-0.2,21
10/14/2022,1:25 PM,-297.3,0.9,-0.4,-0.2,21
10/14/2022,1:25 PM,-297.3,0.9,-0.3,-0.2,21
10/14/2022,1:25 PM,-297.3,0.9,-0.4,0,21
10/14/2022,1:25 PM,-297.4,0.8,-0.5,0.2,21
10/14/2022,1:25 PM,-297.2,0.8,-0.4,0.3,21
10/14/2022,1:25 PM,-297.3,0.6,-0.3,0.5,21
10/14/2022,1:25 PM,-297.3,0.3,-0.2,0.8,21
10/14/2022,1:25 PM,-297.3,0.1,-0.1,1,21
10/14/2022,1:25 PM,-297.4,-0.4,-0.1,1,21
10/14/2022,1:25 PM,-297.3,-0.2,0.1,1.2,21
10/14/2022,1:25 PM,-297.4,-0.1,0,1.2,21
10/14/2022,1:25 PM,-297.2,-0.2,0.1,1,21
10/14/2022,1:25 PM,-297.1,-0.1,0,1,21
10/14/2022,1:25 PM,-297.2,-0.1,0,1,21
10/14/2022,1:25 PM,-297.3,-0.4,0.3,0.8,21
10/14/2022,1:25 PM,-151.8,0,0,1,21
10/14/2022,1:25 PM,-19.3,-0.1,0,1,21
10/14/2022,1:25 PM,60.3,0,0,1,21
10/14/2022,1:25 PM,-1.7,-0.1,0,1,21
10/14/2022,1:25 PM,-1.8,0,0,1,21
10/14/2022,1:25 PM,-1,0,0,1,21
10/14/2022,1:25 PM,-1.4,-0.1,0,1,21
10/14/2022,1:25 PM,0.9,0,0,1,21
10/14/2022,1:25 PM,0.9,-0.1,0,1,21
10/14/2022,1:25 PM,1.6,-0.1,0,1,21
10/14/2022,1:25 PM,0.5,-0.1,0,1,21
10/14/2022,1:25 PM,-0.3,-0.1,0,1,21
10/14/2022,1:25 PM,-0.7,-0.1,0,1,21
10/14/2022,1:25 PM,-0.2,-0.1,0,1,21
10/14/2022,3:45 PM,0.2,-0.1,0,1,22
10/14/2022,3:45 PM,0,-0.1,0,1,22
10/14/2022,3:45 PM,0.1,-0.1,0,1,22
10/14/2022,3:45 PM,0.1,-0.1,0,1,22
10/14/2022,3:45 PM,0.2,-0.1,0,1,22
10/14/2022,3:45 PM,0.2,-0.1,0,1,22
10/14/2022,3:45 PM,0.2,-0.1,0,1,22
10/14/2022,3:45 PM,0.2,-0.1,0,1,22
10/14/2022,3:45 PM,0.2,-0.1,0,1,22
10/14/2022,3:45 PM,0.1,-0.1,0,1,22
10/14/2022,3:45 PM,0.2,-0.1,0,1,22
10/14/2022,3:45 PM,0.2,-0.1,0,1,22
10/14/2022,3:45 PM,0.1,-0.1,0,1,22
10/14/2022,3:45 PM,0.2,-0.1,0,1,22
10/14/2022,3:45 PM,0.2,-0.1,0,1,22
10/14/2022,3:45 PM,0.2,-0.1,0,1,22
10/14/2022,3:45 PM,0.2,-0.1,0,1,22
10/14/2022,3:45 PM,0.2,-0.1,0,1,22
10/14/2022,3:45 PM,0.2,-0.1,0,1,22
10/14/2022,3:45 PM,0.1,-0.1,0,1,22
10/14/2022,3:45 PM,0.2,-0.1,0,1,22
10/14/2022,3:45 PM,0.1,-0.1,0,1,22
10/14/2022,3:45 PM,0.3,-0.1,0,1,22
10/14/2022,3:45 PM,0.2,-0.1,0,1,22
10/14/2022,3:45 PM,0.3,-0.1,0,1,22
10/14/2022,3:45 PM,0.2,-0.1,0,1,22
10/14/2022,3:45 PM,0.2,-0.1,0,1,22
10/14/2022,3:45 PM,0.2,-0.1,0,1,22
10/14/2022,3:45 PM,0.3,-0.1,0,1,22
10/14/2022,3:45 PM,0.1,-0.1,0,1,22
10/14/2022,3:45 PM,0.2,-0.1,0,1,22
10/14/2022,3:45 PM,0.2,-0.1,0,1,22
10/14/2022,3:45 PM,0.3,-0.1,0,1,22
10/14/2022,3:45 PM,0.2,-0.1,0,1,22
10/14/2022,3:45 PM,0.1,-0.1,0,1,22
10/14/2022,3:45 PM,0.1,-0.1,0,1,22
10/14/2022,3:45 PM,0.2,-0.1,0,1,22
10/14/2022,3:45 PM,0.2,-0.1,0,1,22
10/14/2022,3:45 PM,0.2,-0.1,0,1,22
10/14/2022,3:45 PM,0.2,-0.1,0,1,22
10/14/2022,3:45 PM,0.2,-0.1,0,1,22
10/14/2022,3:45 PM,0.2,-0.1,0,1,22
10/14/2022,3:45 PM,0.2,-0.1,0,1,22
10/14/2022,3:45 PM,508.6,-0.1,0,1,22
10/14/2022,3:45 PM,0.2,-0.1,0,1,22
10/14/2022,3:45 PM,0.1,-0.1,0,1,22
10/14/2022,3:45 PM,0.2,-0.1,0,1,22
10/14/2022,3:45 PM,0.2,-0.1,0,1,22
10/14/2022,3:45 PM,3.8,-0.1,0,1,22
10/14/2022,3:45 PM,9.4,-0.1,0,1,22
10/14/2022,3:45 PM,15,-0.1,0,1,22
10/14/2022,3:45 PM,21.4,-0.1,0,1,22
10/14/2022,3:45 PM,26.6,-0.1,0,1,22
10/14/2022,3:45 PM,30.6,-0.1,0,1,22
10/14/2022,3:45 PM,33.2,-0.1,0,1,22
10/14/2022,3:45 PM,35.8,-0.1,0,1,22
10/14/2022,3:45 PM,35.5,0,0,1,22
10/14/2022,3:45 PM,37,-0.1,0,1,22
10/14/2022,3:45 PM,38.3,-0.1,0,1,22
10/14/2022,3:45 PM,41.2,-0.1,0,1,22
10/14/2022,3:45 PM,46,-0.1,0,1,22
10/14/2022,3:45 PM,49.5,-0.1,0,1,22
10/14/2022,3:45 PM,51.8,-0.1,0,1,22
10/14/2022,3:45 PM,54.8,-0.1,0,1,22
10/14/2022,3:45 PM,57,0,0,1,22
10/14/2022,3:45 PM,58.6,-0.1,0,1,22
10/14/2022,3:45 PM,60.3,-0.1,0,1,22
10/14/2022,3:45 PM,61.9,-0.1,0,1,22
10/14/2022,3:45 PM,63.1,0,0,1,22
10/14/2022,3:45 PM,64.7,-0.1,-0.1,1.1,22
10/14/2022,3:45 PM,67.1,-0.1,0,1,22
10/14/2022,3:45 PM,69.8,-0.1,0,1,22
10/14/2022,3:45 PM,72.4,-0.1,0,1,22
10/14/2022,3:45 PM,75,-0.1,0,1,22
10/14/2022,3:45 PM,77.7,-0.1,0,1,22
10/14/2022,3:45 PM,81.8,-0.1,0,1,22
10/14/2022,3:45 PM,85.7,-0.1,0,1,22
10/14/2022,3:45 PM,91.3,-0.1,0,1,22
10/14/2022,3:45 PM,97.8,-0.1,0,1,22
10/14/2022,3:45 PM,106.2,-0.1,0,1,22
10/14/2022,3:45 PM,116.3,-0.1,0,1,22
10/14/2022,3:45 PM,125.4,-0.1,0,1,22
10/14/2022,3:45 PM,132.3,0,0.1,0.8,22
10/14/2022,3:45 PM,127.6,-0.1,0,1,22
10/14/2022,3:45 PM,140.2,-0.1,0,1,22
10/14/2022,3:45 PM,148.5,-0.1,0,1,22
10/14/2022,3:45 PM,154.8,-0.1,0,1,22
10/14/2022,3:45 PM,159.9,-0.1,0,1,22
10/14/2022,3:45 PM,164.6,-0.1,0,1,22
10/14/2022,3:45 PM,170.2,-0.1,0,1,22
10/14/2022,3:45 PM,175.4,-0.1,0,1,22
10/14/2022,3:45 PM,181.5,-0.1,0,1,22
10/14/2022,3:45 PM,187.6,-0.1,0,1,22
10/14/2022,3:45 PM,194.1,-0.1,0,1,22
10/14/2022,3:45 PM,200.5,-0.1,0,1,22
10/14/2022,3:45 PM,205.9,-0.1,0,1,22
10/14/2022,3:45 PM,210.4,-0.1,0,1,22
10/14/2022,3:45 PM,213.7,-0.1,0,1,22
10/14/2022,3:45 PM,216.1,-0.1,0,1,22
10/14/2022,3:45 PM,216.4,0,0,1,22
10/14/2022,3:45 PM,215.2,-0.1,0,1,22
10/14/2022,3:45 PM,215.4,-0.1,0,1,22
10/14/2022,3:45 PM,215.2,-0.1,0,1,22
10/14/2022,3:45 PM,215.2,-0.1,0,1,22
10/14/2022,3:45 PM,215.2,-0.1,0,1,22
10/14/2022,3:45 PM,215.2,-0.1,0,1,22
10/14/2022,3:45 PM,215.2,-0.1,0,1,22
10/14/2022,3:45 PM,215.2,-0.1,0,1,22
10/14/2022,3:45 PM,215.1,-0.1,0,1,22
10/14/2022,3:45 PM,215.1,-0.1,0,1,22
10/14/2022,3:45 PM,215,-0.1,0,1,22
10/14/2022,3:45 PM,215.1,-0.1,0,1,22
10/14/2022,3:45 PM,215.2,-0.1,0,1,22
10/14/2022,3:45 PM,215.1,-0.1,0,1,22
10/14/2022,3:45 PM,215.1,-0.1,0,1,22
10/14/2022,3:45 PM,214.1,-0.1,0,1,22
10/14/2022,3:45 PM,212.6,0,0,1,22
10/14/2022,3:45 PM,215.9,-0.1,0,1,22
10/14/2022,3:45 PM,213.3,-0.1,0,1,22
10/14/2022,3:45 PM,215.1,-0.1,0,1,22
10/14/2022,3:45 PM,215.1,-0.1,0,1,22
10/14/2022,3:45 PM,215.4,-0.1,0,1,22
10/14/2022,3:45 PM,215.4,-0.1,0,1,22
10/14/2022,3:45 PM,215.4,-0.1,0,1,22
10/14/2022,3:45 PM,215.2,-0.1,0,1,22
10/14/2022,3:45 PM,215.1,-0.1,0,1,22
10/14/2022,3:45 PM,215,-0.1,0,1,22
10/14/2022,3:45 PM,215,-0.1,0,1,22
10/14/2022,3:45 PM,215.1,-0.1,0,1,22
10/14/2022,3:45 PM,215.1,-0.1,0,1,22
10/14/2022,3:45 PM,215,-0.1,0,1,22
10/14/2022,10:00 PM,215.7,-0.1,0,1,23
10/14/2022,10:00 PM,226.8,-0.1,0,1,23
10/14/2022,10:00 PM,230.4,0,0,1,23
10/14/2022,10:00 PM,189.3,0,0,1,23
10/14/2022,10:00 PM,75.3,-0.1,0,1,23
10/14/2022,10:00 PM,-9.7,-0.1,0,1,23
10/14/2022,10:00 PM,-138.7,-0.3,0,1.1,23
10/14/2022,10:00 PM,-295.7,-0.2,-0.2,1,23
10/14/2022,10:00 PM,-297,-0.1,-0.2,1,23
10/14/2022,10:00 PM,-297.1,-0.1,-0.2,1,23
10/14/2022,10:00 PM,-297.1,-0.1,-0.1,1,23
10/14/2022,10:00 PM,-297.3,0,-0.2,1,23
10/14/2022,10:00 PM,-297.2,0,-0.2,1,23
10/14/2022,10:00 PM,-297.2,0.1,-0.1,1,23
10/14/2022,10:00 PM,-297.2,0.1,-0.2,0.9,23
10/14/2022,10:00 PM,-297.3,0.2,-0.1,1,23
10/14/2022,10:00 PM,-297.2,0.2,-0.1,0.9,23
10/14/2022,10:00 PM,-297.1,0.3,0,1,23
10/14/2022,10:00 PM,-297.3,0.3,0,0.9,23
10/14/2022,10:00 PM,-297.3,0.4,0,0.9,23
10/14/2022,10:00 PM,-297.3,0.4,0,1,23
10/14/2022,10:00 PM,-297.2,0.4,0,1,23
10/14/2022,10:00 PM,-297.3,0.5,0,0.9,23
10/14/2022,10:00 PM,-297.2,0.4,0,0.9,23
10/14/2022,10:00 PM,-297.3,0.6,-0.1,0.8,23
10/14/2022,10:00 PM,-297.2,0.6,-0.1,0.8,23
10/14/2022,10:00 PM,-297.2,0.7,0,0.7,23
10/14/2022,10:00 PM,-297.2,0.8,0,0.7,23
10/14/2022,10:00 PM,-297.2,0.8,0,0.7,23
10/14/2022,10:00 PM,-297.3,0.8,0,0.6,23
10/14/2022,10:00 PM,-297.3,0.8,-0.1,0.6,23
10/14/2022,10:00 PM,-297.3,0.8,-0.1,0.6,23
10/14/2022,10:00 PM,-297.4,0.8,0,0.6,23
10/14/2022,10:00 PM,-297.3,0.9,-0.1,0.5,23
10/14/2022,10:00 PM,-297.3,0.9,-0.1,0.5,23
10/14/2022,10:00 PM,-297.2,0.9,-0.1,0.5,23
10/14/2022,10:00 PM,-297.4,0.9,-0.1,0.5,23
10/14/2022,10:00 PM,-297.2,0.9,-0.1,0.5,23
10/14/2022,10:00 PM,-297.3,0.9,-0.1,0.5,23
10/14/2022,10:00 PM,-297.3,0.9,-0.1,0.5,23
10/14/2022,10:00 PM,-297.4,0.9,-0.1,0.5,23
10/14/2022,10:00 PM,-297.2,0.9,-0.1,0.4,23
10/14/2022,10:00 PM,-297.3,0.9,-0.1,0.5,23
10/14/2022,10:00 PM,-297.3,0.9,-0.1,0.5,23
10/14/2022,10:00 PM,-297.3,0.9,-0.1,0.5,23
10/14/2022,10:00 PM,-297.3,0.9,-0.1,0.5,23
10/14/2022,10:00 PM,-297.3,0.9,-0.1,0.5,23
10/14/2022,10:00 PM,-297.3,0.8,-0.1,0.6,23
10/14/2022,10:00 PM,-297.3,0.8,-0.1,0.6,23
10/14/2022,10:00 PM,-297.3,0.8,0,0.7,23
10/14/2022,10:00 PM,-297.4,0.7,0,0.7,23
10/14/2022,10:00 PM,-297.2,0.7,0,0.7,23
10/14/2022,10:00 PM,-297.3,0.6,-0.1,0.8,23
10/14/2022,10:00 PM,-297.3,0.6,0,0.8,23
10/14/2022,10:00 PM,-297.3,0.5,0,0.8,23
10/14/2022,10:00 PM,-297.3,0.4,0,0.9,23
10/14/2022,10:00 PM,-297.3,0.4,0,1,23
10/14/2022,10:00 PM,-297.2,0.5,0,1,23
10/14/2022,10:00 PM,-297.3,0.3,0,1,23
10/14/2022,10:00 PM,-297.2,0.2,-0.1,0.9,23
10/14/2022,10:00 PM,-297.3,0.2,-0.1,1,23
10/14/2022,10:00 PM,-297.2,0.1,-0.1,0.9,23
10/14/2022,10:00 PM,-297.2,0.1,0,1,23
10/14/2022,10:00 PM,-297.3,0,0,1.1,23
10/14/2022,10:00 PM,-297.3,0,0,1,23
10/14/2022,10:00 PM,-297.3,0.1,0.1,1.1,23
10/14/2022,10:00 PM,-297.3,0.1,0,1,23
10/14/2022,10:00 PM,-297.3,0.1,0,1,23
10/14/2022,10:00 PM,-297.2,0,0,1,23
10/14/2022,10:00 PM,-297.1,0,0,1,23
10/14/2022,10:00 PM,-297.2,0,0,1,23
10/14/2022,10:00 PM,-297.2,0.1,-0.1,1,23
10/14/2022,10:00 PM,-172.8,0,0,1,23
10/14/2022,10:00 PM,-62.9,-0.2,-0.1,1.1,23
10/14/2022,10:00 PM,134.9,0,-0.1,0.9,23
10/14/2022,10:00 PM,206.4,-0.1,0,1,23
10/14/2022,10:00 PM,207.2,0,-0.1,1,23
10/14/2022,10:00 PM,185,0,0,1,23
10/14/2022,10:00 PM,184.6,-0.1,0,1,23
10/14/2022,10:00 PM,184.1,-0.1,0,1,23
10/14/2022,10:00 PM,184.4,-0.1,0,1,23
10/14/2022,10:00 PM,184.7,-0.1,0,1,23
10/14/2022,10:00 PM,184.8,-0.1,0,1,23
10/14/2022,10:00 PM,185.2,-0.1,0,1,23
10/14/2022,10:00 PM,184.7,-0.1,0,1,23
10/14/2022,10:00 PM,184.9,-0.1,0,1,23
10/14/2022,10:00 PM,185.3,-0.1,0,1,23
10/14/2022,6:19 PM,186.6,-0.1,0,1,24
10/14/2022,6:19 PM,186.2,0,0,1,24
10/14/2022,6:19 PM,185.8,-0.1,0,1,24
10/14/2022,6:19 PM,186.2,-0.1,0,1,24
10/14/2022,6:19 PM,186.3,-0.1,0,1,24
10/14/2022,6:19 PM,186.3,-0.1,0,1,24
10/14/2022,6:19 PM,186.3,-0.1,0,1,24
10/14/2022,6:19 PM,186.3,-0.1,0,1,24
10/14/2022,6:19 PM,186.2,-0.1,0,1,24
10/14/2022,6:19 PM,186.2,-0.1,0,1,24
10/14/2022,6:19 PM,186.1,-0.1,0,1,24
10/14/2022,6:19 PM,186.3,-0.1,0,1,24
10/14/2022,6:19 PM,186.3,-0.1,0,1,24
10/14/2022,6:19 PM,186.3,0,0,1,24
10/14/2022,6:19 PM,189,-0.1,0,1,24
10/14/2022,6:19 PM,178.2,0,0,1,24
10/14/2022,6:19 PM,122,-0.1,0,1,24
10/14/2022,6:19 PM,-114.9,-0.3,0,1.1,24
10/14/2022,6:19 PM,-295.9,-0.1,0.1,1.1,24
10/14/2022,6:19 PM,-297.1,0.1,0,0.9,24
10/14/2022,6:19 PM,-297.2,0.2,0.1,0.9,24
10/14/2022,6:19 PM,-297.2,0.2,0.1,0.9,24
10/14/2022,6:19 PM,-297.2,0.2,0.1,0.9,24
10/14/2022,6:19 PM,-297.2,0.4,0.2,0.9,24
10/14/2022,6:19 PM,-297.1,0.3,0.2,1,24
10/14/2022,6:19 PM,-297.1,0.3,0.2,0.9,24
10/14/2022,6:19 PM,-297.2,0.3,0.2,0.9,24
10/14/2022,6:19 PM,-297.2,0.4,0.2,0.9,24
10/14/2022,6:19 PM,-297.2,0.3,0.2,0.9,24
10/14/2022,6:19 PM,-297.3,0.3,0.2,0.9,24
10/14/2022,6:19 PM,-297.2,0.3,0.2,0.9,24
10/14/2022,6:19 PM,-297.3,0.3,0.2,0.9,24
10/14/2022,6:19 PM,-297.3,0.3,0.2,0.9,24
10/14/2022,6:19 PM,-297.1,0.3,0.2,0.9,24
10/14/2022,6:19 PM,-297.3,0.4,0.2,0.9,24
10/14/2022,6:19 PM,-297.2,0.3,0.2,0.9,24
10/14/2022,6:19 PM,-297.2,0.3,0.2,0.9,24
10/14/2022,6:19 PM,-297.3,0.3,0.2,0.9,24
10/14/2022,6:19 PM,-297.2,0.3,0.2,1,24
10/14/2022,6:19 PM,-297.2,0.3,0.2,0.9,24
10/14/2022,6:19 PM,-297.3,0.2,0.2,0.9,24
10/14/2022,6:19 PM,-297.2,0.3,0.2,1,24
10/14/2022,6:19 PM,-297.3,0.3,0.2,0.9,24
10/14/2022,6:19 PM,-297.3,0.3,0.2,0.9,24
10/14/2022,6:19 PM,-297.3,0.3,0.2,1,24
10/14/2022,6:19 PM,-297.3,0.3,0.2,1,24
10/14/2022,6:19 PM,-297.2,0.2,0.2,1,24
10/14/2022,6:19 PM,-297.3,0.3,0.2,1,24
10/14/2022,6:19 PM,-297.2,0.3,0.2,0.9,24
10/14/2022,6:19 PM,-297.2,0.2,0.2,1,24
10/14/2022,6:19 PM,-297.3,0.3,0.2,1,24
10/14/2022,6:19 PM,-297.2,0.2,0.1,1.1,24
10/14/2022,6:19 PM,-297.3,0.2,0.2,0.9,24
10/14/2022,6:19 PM,-297.3,0.3,0.2,1,24
10/14/2022,6:19 PM,-297.2,0.3,0.2,1,24
10/14/2022,6:19 PM,-297.3,0.2,0.2,0.9,24
10/14/2022,6:19 PM,-297.2,0.2,0.2,1,24
10/14/2022,6:19 PM,-297.2,0.2,0.2,1,24
10/14/2022,6:19 PM,-297.3,0.2,0.2,1,24
10/14/2022,6:19 PM,-297.3,0.2,0.2,1,24
10/14/2022,6:19 PM,-297.3,0.2,0.2,1,24
10/14/2022,6:19 PM,-297.3,0.1,0.1,1,24
10/14/2022,6:19 PM,-297.2,0.1,0.1,1,24
10/14/2022,6:19 PM,-297.3,0.1,0.1,1,24
10/14/2022,6:19 PM,-297.3,0.1,0,0.9,24
10/14/2022,6:19 PM,-297.3,0.1,0,0.9,24
10/14/2022,6:19 PM,-297.3,0,-0.1,0.9,24
10/14/2022,6:19 PM,-297.3,0,0,1,24
10/14/2022,6:19 PM,-297.3,0,0,1,24
10/14/2022,6:19 PM,-297.2,0,-0.1,1,24
10/14/2022,6:19 PM,-297.1,0,0,1,24
10/14/2022,6:19 PM,-297.1,0,0,1,24
10/14/2022,6:19 PM,-297.2,0,0,1,24
10/14/2022,6:19 PM,-297.1,0,0,1,24
10/14/2022,6:19 PM,-297,0,0.1,1,24
10/14/2022,6:19 PM,-207.2,0,0,1,24
10/14/2022,6:19 PM,-187.8,-0.1,0,1,24
10/14/2022,6:19 PM,10,-0.1,0,1,24
10/14/2022,6:19 PM,198.4,0,0,1,24
10/14/2022,6:19 PM,291.9,0,0,1,24
10/14/2022,6:19 PM,320.8,0,0,1,24
10/14/2022,6:19 PM,323.4,0,0,1,24
10/14/2022,6:19 PM,315.2,0,0,1,24
10/14/2022,6:19 PM,314.5,-0.1,0,1,24
10/14/2022,6:19 PM,314.3,0,0,1,24
10/14/2022,6:19 PM,313.8,0,0,1,24
10/14/2022,6:19 PM,315.1,0,0,1,24
10/14/2022,6:19 PM,315.5,-0.1,0,1,24
10/14/2022,6:19 PM,315.3,0,0,1,24
10/14/2022,6:19 PM,314.8,0,0,1,24
10/14/2022,6:19 PM,314.5,0,0,1,24
10/14/2022,6:19 PM,314.5,-0.1,0,1,24
10/14/2022,6:19 PM,314.9,0,0,1,24
10/14/2022,6:19 PM,314.7,0,0,1,24
10/14/2022,6:19 PM,315,0,0,1,24
10/14/2022,6:19 PM,315.2,-0.1,0,1,24
10/14/2022,6:19 PM,315.1,0,0,1,24
10/14/2022,6:19 PM,314.5,0,0,1,24
10/14/2022,6:19 PM,310.7,0,0,1,24
10/14/2022,6:19 PM,309.1,0,0,1,24
10/14/2022,6:19 PM,314.6,0,0,1,24
10/14/2022,6:19 PM,315,0,0,1,24
10/14/2022,6:19 PM,315.1,-0.1,0,1,24
10/14/2022,6:19 PM,314.9,0,0,1,24
10/14/2022,6:19 PM,314.5,0,0,1,24
10/14/2022,6:19 PM,314.5,0,0,1,24
10/14/2022,6:19 PM,314.9,0,0,1,24
10/14/2022,6:19 PM,314.8,0,0,1,24
10/14/2022,6:19 PM,314.6,0,0,1,24
10/14/2022,6:19 PM,314.9,0,0,1,24
10/14/2022,6:19 PM,314.8,0,0,1,24
10/14/2022,6:19 PM,314.7,0,0,1,24
10/14/2022,6:19 PM,314.7,0,0,1,24
10/14/2022,6:19 PM,314.9,0,0,1,24
10/14/2022,6:19 PM,314.2,0,0,1,24
